date,open,high,low,close,adjusted_close,volume
2016-08-29 13:30:00,217.44000244140625,218.6699981689453,217.3999938964844,218.36000061035156,186.001953125,70502200
2016-08-30 13:30:00,218.2599945068359,218.58999633789065,217.3500061035156,218.0,185.69529724121097,58114500
2016-08-31 13:30:00,217.61000061035156,217.75,216.47000122070312,217.3800048828125,185.1671600341797,85269500
2016-09-01 13:30:00,217.3699951171875,217.72999572753903,216.02999877929688,217.38999938964844,185.17567443847656,97844200
2016-09-02 13:30:00,218.38999938964844,218.8699951171875,217.6999969482422,218.3699951171875,186.0104217529297,79293900
2016-09-06 13:30:00,218.6999969482422,219.1199951171875,217.86000061035156,219.02999877929688,186.5726776123047,56702100
2016-09-07 13:30:00,218.83999633789065,219.22000122070312,218.3000030517578,219.0099945068359,186.55563354492188,76554900
2016-09-08 13:30:00,218.6199951171875,218.94000244140625,218.1499938964844,218.5099945068359,186.12973022460935,74102900
2016-09-09 13:30:00,216.97000122070312,217.02999877929688,213.25,213.27999877929688,181.67469787597656,221589100
2016-09-12 13:30:00,212.38999938964844,216.80999755859375,212.30999755859375,216.33999633789065,184.2812957763672,168110900
2016-09-13 13:30:00,214.83999633789065,215.1499938964844,212.5,213.22999572753903,181.6321258544922,182828800
2016-09-14 13:30:00,213.2899932861328,214.6999969482422,212.5,213.1499938964844,181.56394958496097,134185500
2016-09-15 13:30:00,212.9600067138672,215.72999572753903,212.75,215.27999877929688,183.3783416748047,134427900
2016-09-16 13:30:00,213.47999572753903,213.69000244140625,212.57000732421875,213.3699951171875,182.66940307617188,155236400
2016-09-19 13:30:00,214.1300048828125,214.8800048828125,213.02999877929688,213.41000366210935,182.7037048339844,80250500
2016-09-20 13:30:00,214.41000366210935,214.58999633789065,213.3800048828125,213.4199981689453,182.71229553222656,69665300
2016-09-21 13:30:00,214.2400054931641,216.02999877929688,213.44000244140625,215.82000732421875,184.76702880859375,110284400
2016-09-22 13:30:00,217.0,217.52999877929688,216.7100067138672,217.17999267578125,185.93130493164065,76678700
2016-09-23 13:30:00,216.72000122070312,216.8800048828125,215.8800048828125,215.9900054931641,184.91249084472656,73630900
2016-09-26 13:30:00,215.02000427246097,215.22999572753903,214.0099945068359,214.2400054931641,183.4142913818359,89827300
2016-09-27 13:30:00,214.0500030517578,215.67999267578125,213.6199951171875,215.57000732421875,184.552978515625,78494800
2016-09-28 13:30:00,215.8300018310547,216.82000732421875,214.7100067138672,216.63999938964844,185.4690093994141,87411000
2016-09-29 13:30:00,216.3999938964844,216.8699951171875,214.0399932861328,214.67999267578125,183.79103088378903,128070600
2016-09-30 13:30:00,215.6499938964844,217.1199951171875,215.36000061035156,216.3000030517578,185.17788696289065,117202900
2016-10-03 13:30:00,215.82000732421875,216.0399932861328,215.0399932861328,215.77999877929688,184.73272705078125,83512100
2016-10-04 13:30:00,215.91000366210935,216.1699981689453,213.9900054931641,214.67999267578125,183.79103088378903,119948100
2016-10-05 13:30:00,215.41000366210935,216.1300048828125,215.3300018310547,215.6300048828125,184.6043243408203,72816000
2016-10-06 13:30:00,215.3699951171875,216.0399932861328,214.7400054931641,215.77999877929688,184.73272705078125,62927400
2016-10-07 13:30:00,216.1000061035156,216.3000030517578,214.19000244140625,215.0399932861328,184.0992126464844,89788300
2016-10-10 13:30:00,216.16000366210935,216.6999969482422,215.9900054931641,216.16000366210935,185.05807495117188,51855000
2016-10-11 13:30:00,215.66000366210935,215.7400054931641,212.5800018310547,213.42999267578125,182.72085571289065,130367400
2016-10-12 13:30:00,213.58999633789065,214.32000732421875,213.0099945068359,213.7100067138672,182.9605712890625,73866100
2016-10-13 13:30:00,212.16000366210935,213.58999633789065,211.2100067138672,213.0099945068359,182.3612823486328,101357000
2016-10-14 13:30:00,214.1499938964844,214.69000244140625,213.02999877929688,213.1199951171875,182.4554748535156,93346200
2016-10-17 13:30:00,213.08999633789065,213.38999938964844,212.1699981689453,212.3800048828125,181.8218994140625,58275700
2016-10-18 13:30:00,214.2400054931641,214.30999755859375,213.27000427246097,213.7100067138672,182.9605712890625,76869700
2016-10-19 13:30:00,214.02000427246097,214.63999938964844,213.6000061035156,214.27999877929688,183.44857788085935,66519200
2016-10-20 13:30:00,213.8699951171875,214.52999877929688,213.11000061035156,213.8800048828125,183.1061248779297,73639800
2016-10-21 13:30:00,213.8800048828125,214.0800018310547,212.7599945068359,213.97999572753903,183.1916961669922,89089100
2016-10-24 13:30:00,215.0,215.32000732421875,214.47999572753903,214.88999938964844,183.97076416015625,60146600
2016-10-25 13:30:00,214.67999267578125,214.97999572753903,213.97999572753903,214.1699981689453,183.35433959960935,66542300
2016-10-26 13:30:00,213.2100067138672,214.4199981689453,212.92999267578125,213.7400054931641,182.9862365722656,75705500
2016-10-27 13:30:00,214.5800018310547,214.6199951171875,213.0800018310547,213.1699981689453,182.4982452392578,77220200
2016-10-28 13:30:00,213.13999938964844,213.92999267578125,211.7100067138672,212.5399932861328,181.9588928222656,140623200
2016-10-31 13:30:00,212.92999267578125,213.19000244140625,212.36000061035156,212.5500030517578,181.9674530029297,61272500
2016-11-01 13:30:00,212.92999267578125,212.9900054931641,209.6000061035156,211.0099945068359,180.6490173339844,122781800
2016-11-02 13:30:00,210.6499938964844,211.1000061035156,209.22999572753903,209.7400054931641,179.56179809570312,103330800
2016-11-03 13:30:00,209.9900054931641,210.2400054931641,208.4600067138672,208.77999877929688,178.73992919921875,88939300
2016-11-04 13:30:00,208.91000366210935,209.88999938964844,208.3800048828125,208.5500030517578,178.5430145263672,109122100
2016-11-07 14:30:00,208.5500030517578,213.19000244140625,208.5500030517578,213.1499938964844,182.48106384277344,109794900
2016-11-08 14:30:00,212.69000244140625,214.77000427246097,212.3800048828125,214.11000061035156,183.30303955078125,106772100
2016-11-09 14:30:00,212.3699951171875,217.1000061035156,212.33999633789065,216.3800048828125,185.24639892578125,258429000
2016-11-10 14:30:00,217.3000030517578,218.30999755859375,215.22000122070312,216.9199981689453,185.7086639404297,172113300
2016-11-11 14:30:00,216.0800018310547,216.6999969482422,215.32000732421875,216.4199981689453,185.2806396484375,100552700
2016-11-14 14:30:00,217.02999877929688,217.27000427246097,215.72000122070312,216.58999633789065,185.4261779785156,94580000
2016-11-15 14:30:00,217.0399932861328,218.27999877929688,216.8000030517578,218.27999877929688,186.87298583984375,91652600
2016-11-16 14:30:00,217.55999755859375,218.13999938964844,217.4199981689453,217.8699951171875,186.52200317382812,65617700
2016-11-17 14:30:00,218.0500030517578,219.05999755859375,217.9199981689453,218.9900054931641,187.4808349609375,69797200
2016-11-18 14:30:00,219.07000732421875,219.27000427246097,218.2899932861328,218.5,187.0613555908203,86265800
2016-11-21 14:30:00,219.1699981689453,220.17999267578125,219.0,220.1499938964844,188.4739532470703,72402600
2016-11-22 14:30:00,220.5099945068359,220.7899932861328,219.72999572753903,220.5800018310547,188.84210205078125,67429000
2016-11-23 14:30:00,219.97999572753903,220.7599945068359,219.75,220.6999969482422,188.94480895996097,56620200
2016-11-25 14:30:00,221.1000061035156,221.55999755859375,221.0099945068359,221.52000427246097,189.64686584472656,37872300
2016-11-28 14:30:00,221.16000366210935,221.47999572753903,220.36000061035156,220.47999572753903,188.7564392089844,76572500
2016-11-29 14:30:00,220.52000427246097,221.44000244140625,220.1699981689453,220.91000366210935,189.12464904785156,69886700
2016-11-30 14:30:00,221.6300048828125,221.82000732421875,220.30999755859375,220.3800048828125,188.6708984375,113291800
2016-12-01 14:30:00,220.72999572753903,220.72999572753903,219.1499938964844,219.57000732421875,187.9774169921875,79040500
2016-12-02 14:30:00,219.6699981689453,220.25,219.2599945068359,219.67999267578125,188.0716094970703,74840300
2016-12-05 14:30:00,220.6499938964844,221.3999938964844,220.4199981689453,221.0,189.20164489746097,67837800
2016-12-06 14:30:00,221.22000122070312,221.7400054931641,220.66000366210935,221.6999969482422,189.80093383789065,59877400
2016-12-07 14:30:00,221.52000427246097,224.6699981689453,221.3800048828125,224.6000061035156,192.2836456298828,110738100
2016-12-08 14:30:00,224.57000732421875,225.6999969482422,224.2599945068359,225.1499938964844,192.75450134277344,99714400
2016-12-09 14:30:00,225.41000366210935,226.52999877929688,225.3699951171875,226.5099945068359,193.9188232421875,88005800
2016-12-12 14:30:00,226.3999938964844,226.9600067138672,225.7599945068359,226.25,193.6962432861328,102016100
2016-12-13 14:30:00,227.02000427246097,228.33999633789065,227.0,227.7599945068359,194.989013671875,110477500
2016-12-14 14:30:00,227.41000366210935,228.22999572753903,225.3699951171875,225.8800048828125,193.37945556640625,142501800
2016-12-15 14:30:00,226.16000366210935,227.80999755859375,225.88999938964844,226.80999755859375,194.17567443847656,124972600
2016-12-16 14:30:00,226.0099945068359,226.0800018310547,224.6699981689453,225.0399932861328,193.79588317871097,156420200
2016-12-19 14:30:00,225.25,226.02000427246097,225.0800018310547,225.52999877929688,194.2178497314453,90341100
2016-12-20 14:30:00,226.1499938964844,226.57000732421875,225.8800048828125,226.3999938964844,194.9671173095703,89838800
2016-12-21 14:30:00,226.25,226.4499969482422,225.77000427246097,225.77000427246097,194.424560546875,67909000
2016-12-22 14:30:00,225.6000061035156,225.7400054931641,224.9199981689453,225.3800048828125,194.0887756347656,56219100
2016-12-23 14:30:00,225.42999267578125,225.72000122070312,225.2100067138672,225.7100067138672,194.37289428710935,36697800
2016-12-27 14:30:00,226.02000427246097,226.72999572753903,226.0,226.27000427246097,194.8551483154297,42672500
2016-12-28 14:30:00,226.57000732421875,226.58999633789065,224.27000427246097,224.3999938964844,193.24476623535156,64095000
2016-12-29 14:30:00,224.47999572753903,224.88999938964844,223.83999633789065,224.3500061035156,193.2017059326172,48696100
2016-12-30 14:30:00,224.72999572753903,224.8300018310547,222.72999572753903,223.52999877929688,192.4955291748047,108998300
2017-01-03 14:30:00,225.0399932861328,225.8300018310547,223.8800048828125,225.2400054931641,193.96815490722656,91366500
2017-01-04 14:30:00,225.6199951171875,226.75,225.61000061035156,226.5800018310547,195.12208557128903,78744400
2017-01-05 14:30:00,226.27000427246097,226.5800018310547,225.47999572753903,226.3999938964844,194.9671173095703,78379000
2017-01-06 14:30:00,226.52999877929688,227.75,225.8999938964844,227.2100067138672,195.6646423339844,71559900
2017-01-09 14:30:00,226.91000366210935,227.07000732421875,226.4199981689453,226.4600067138672,195.01876831054688,46939700
2017-01-10 14:30:00,226.47999572753903,227.4499969482422,226.0099945068359,226.4600067138672,195.01876831054688,63771900
2017-01-11 14:30:00,226.36000061035156,227.1000061035156,225.58999633789065,227.1000061035156,195.5699157714844,74650000
2017-01-12 14:30:00,226.5,226.75,224.9600067138672,226.52999877929688,195.07907104492188,72113200
2017-01-13 14:30:00,226.72999572753903,227.3999938964844,226.69000244140625,227.0500030517578,195.52679443359375,62717900
2017-01-17 14:30:00,226.30999755859375,226.77999877929688,225.8000030517578,226.25,194.83790588378903,61240800
2017-01-18 14:30:00,226.5399932861328,226.8000030517578,225.8999938964844,226.75,195.26852416992188,54793300
2017-01-19 14:30:00,226.83999633789065,227.0,225.41000366210935,225.91000366210935,194.5450897216797,66608800
2017-01-20 14:30:00,226.6999969482422,227.30999755859375,225.97000122070312,226.7400054931641,195.25990295410156,129168600
2017-01-23 14:30:00,226.7400054931641,226.80999755859375,225.27000427246097,226.1499938964844,194.75177001953125,75061600
2017-01-24 14:30:00,226.3999938964844,228.0800018310547,226.27000427246097,227.6000061035156,196.00051879882812,95555300
2017-01-25 14:30:00,228.6999969482422,229.57000732421875,228.5099945068359,229.57000732421875,197.6969757080078,84437700
2017-01-26 14:30:00,229.3999938964844,229.7100067138672,229.0099945068359,229.3300018310547,197.4902801513672,59970700
2017-01-27 14:30:00,229.4199981689453,229.58999633789065,228.7599945068359,228.97000122070312,197.1802978515625,59711100
2017-01-30 14:30:00,228.1699981689453,228.1999969482422,226.41000366210935,227.5500030517578,195.95745849609375,79737300
2017-01-31 14:30:00,226.97999572753903,227.6000061035156,226.32000732421875,227.52999877929688,195.9401702880859,75880800
2017-02-01 14:30:00,227.52999877929688,228.58999633789065,226.94000244140625,227.6199951171875,196.01771545410156,79117700
2017-02-02 14:30:00,227.6199951171875,228.1000061035156,226.82000732421875,227.77000427246097,196.14691162109375,69657600
2017-02-03 14:30:00,228.82000732421875,229.5500030517578,228.4600067138672,229.33999633789065,197.49891662597656,80563200
2017-02-06 14:30:00,228.8699951171875,229.3300018310547,228.5399932861328,228.92999267578125,197.14581298828125,57790100
2017-02-07 14:30:00,229.3800048828125,229.66000366210935,228.72000122070312,228.94000244140625,197.1544189453125,57931200
2017-02-08 14:30:00,228.94000244140625,229.38999938964844,228.30999755859375,229.2400054931641,197.41278076171875,51566200
2017-02-09 14:30:00,229.2400054931641,230.9499969482422,229.2400054931641,230.6000061035156,198.58396911621097,65955200
2017-02-10 14:30:00,231.0,231.77000427246097,230.6199951171875,231.5099945068359,199.3675994873047,66015900
2017-02-13 14:30:00,232.0800018310547,233.07000732421875,232.0500030517578,232.77000427246097,200.4527130126953,55182100
2017-02-14 14:30:00,232.55999755859375,233.7100067138672,232.16000366210935,233.6999969482422,201.25360107421875,71109000
2017-02-15 14:30:00,233.4499969482422,235.13999938964844,233.38999938964844,234.9199981689453,202.30418395996097,86785800
2017-02-16 14:30:00,234.9499969482422,235.16000366210935,233.8500061035156,234.72000122070312,202.13194274902344,84722400
2017-02-17 14:30:00,233.9499969482422,235.08999633789065,233.92999267578125,235.08999633789065,202.4505920410156,77204100
2017-02-21 14:30:00,235.52000427246097,236.69000244140625,235.5099945068359,236.4900054931641,203.65621948242188,88946100
2017-02-22 14:30:00,236.02000427246097,236.5399932861328,235.8300018310547,236.27999877929688,203.47537231445312,62115200
2017-02-23 14:30:00,236.8800048828125,236.8999938964844,235.55999755859375,236.44000244140625,203.6132049560547,74615900
2017-02-24 14:30:00,235.4600067138672,236.7899932861328,235.41000366210935,236.7400054931641,203.8715362548828,82381600
2017-02-27 14:30:00,236.63999938964844,237.30999755859375,236.3500061035156,237.11000061035156,204.1901397705078,56515400
2017-02-28 14:30:00,236.6699981689453,236.9499969482422,236.02000427246097,236.47000122070312,203.63897705078125,96961900
2017-03-01 14:30:00,238.38999938964844,240.32000732421875,238.3699951171875,239.77999877929688,206.4894256591797,149158200
2017-03-02 14:30:00,239.55999755859375,239.57000732421875,238.2100067138672,238.27000427246097,205.1891326904297,70246000
2017-03-03 14:30:00,238.1699981689453,238.61000061035156,237.72999572753903,238.4199981689453,205.3182373046875,81974300
2017-03-06 14:30:00,237.5,238.1199951171875,237.0099945068359,237.7100067138672,204.7068023681641,55391500
2017-03-07 14:30:00,237.36000061035156,237.77000427246097,236.7599945068359,237.0,204.09539794921875,65103700
2017-03-08 14:30:00,237.33999633789065,237.63999938964844,236.3999938964844,236.55999755859375,203.71649169921875,78168800
2017-03-09 14:30:00,236.6999969482422,237.2400054931641,235.7400054931641,236.86000061035156,203.97479248046875,90683900
2017-03-10 14:30:00,237.97000122070312,238.02000427246097,236.58999633789065,237.69000244140625,204.68960571289065,81991700
2017-03-13 13:30:00,237.6199951171875,237.86000061035156,237.2400054931641,237.80999755859375,204.79293823242188,57256800
2017-03-14 13:30:00,237.17999267578125,237.2400054931641,236.19000244140625,236.8999938964844,204.0093231201172,59880800
2017-03-15 13:30:00,237.55999755859375,239.44000244140625,237.2899932861328,238.9499969482422,205.7746734619141,96081800
2017-03-16 13:30:00,239.11000061035156,239.1999969482422,238.1000061035156,238.47999572753903,205.36993408203125,78344000
2017-03-17 13:30:00,237.75,237.97000122070312,237.02999877929688,237.02999877929688,205.0092315673828,89002100
2017-03-20 13:30:00,237.02999877929688,237.36000061035156,236.32000732421875,236.77000427246097,204.7843780517578,52537000
2017-03-21 13:30:00,237.47000122070312,237.61000061035156,233.5800018310547,233.72999572753903,202.15505981445312,131809300
2017-03-22 13:30:00,233.77000427246097,234.61000061035156,233.0500030517578,234.27999877929688,202.6307830810547,97569200
2017-03-23 13:30:00,234.27999877929688,235.33999633789065,233.6000061035156,234.02999877929688,202.41452026367188,100410300
2017-03-24 13:30:00,234.3800048828125,235.0399932861328,232.9600067138672,233.86000061035156,202.2675323486328,112504900
2017-03-27 13:30:00,231.92999267578125,233.9199981689453,231.61000061035156,233.6199951171875,202.05992126464844,87454500
2017-03-28 13:30:00,233.27000427246097,235.80999755859375,233.13999938964844,235.32000732421875,203.5302734375,93483900
2017-03-29 13:30:00,234.9900054931641,235.80999755859375,234.72999572753903,235.5399932861328,203.72059631347656,61950400
2017-03-30 13:30:00,235.47000122070312,236.52000427246097,235.27000427246097,236.2899932861328,204.3692626953125,56737900
2017-03-31 13:30:00,235.8999938964844,236.5099945068359,235.67999267578125,235.7400054931641,203.89352416992188,73733100
2017-04-03 13:30:00,235.8000030517578,236.02999877929688,233.91000366210935,235.3300018310547,203.53890991210935,85546500
2017-04-04 13:30:00,235.0,235.5800018310547,234.55999755859375,235.47999572753903,203.66864013671875,56466200
2017-04-05 13:30:00,236.2599945068359,237.38999938964844,234.5399932861328,234.77999877929688,203.06326293945312,108800600
2017-04-06 13:30:00,234.94000244140625,236.0399932861328,234.42999267578125,235.44000244140625,203.6341094970703,69135800
2017-04-07 13:30:00,235.1499938964844,236.0,234.63999938964844,235.1999969482422,203.4265289306641,74412300
2017-04-10 13:30:00,235.36000061035156,236.2599945068359,234.72999572753903,235.33999633789065,203.547607421875,67615300
2017-04-11 13:30:00,234.8999938964844,235.17999267578125,233.33999633789065,235.05999755859375,203.3054046630859,88045300
2017-04-12 13:30:00,234.7400054931641,234.9600067138672,233.77000427246097,234.02999877929688,202.41452026367188,81864400
2017-04-13 13:30:00,233.63999938964844,234.4900054931641,232.5099945068359,232.5099945068359,201.0999298095703,92880400
2017-04-17 13:30:00,233.11000061035156,234.57000732421875,232.8800048828125,234.57000732421875,202.881591796875,68405400
2017-04-18 13:30:00,233.72000122070312,234.4900054931641,233.0800018310547,233.8699951171875,202.27615356445312,83225800
2017-04-19 13:30:00,234.52000427246097,234.9499969482422,233.17999267578125,233.44000244140625,201.90423583984375,68699900
2017-04-20 13:30:00,234.1499938964844,235.8500061035156,233.77999877929688,235.33999633789065,203.547607421875,92572200
2017-04-21 13:30:00,235.25,235.30999755859375,234.1300048828125,234.58999633789065,202.8988494873047,110389800
2017-04-24 13:30:00,237.17999267578125,237.41000366210935,234.55999755859375,237.1699981689453,205.13031005859375,119209900
2017-04-25 13:30:00,237.91000366210935,238.9499969482422,237.80999755859375,238.5500030517578,206.32391357421875,76698300
2017-04-26 13:30:00,238.5099945068359,239.52999877929688,238.3500061035156,238.3999938964844,206.19419860839844,84702500
2017-04-27 13:30:00,238.77000427246097,238.9499969482422,237.97999572753903,238.6000061035156,206.3671875,57410300
2017-04-28 13:30:00,238.8999938964844,238.92999267578125,237.92999267578125,238.0800018310547,205.91744995117188,63532800
2017-05-01 13:30:00,238.67999267578125,239.1699981689453,238.1999969482422,238.67999267578125,206.43637084960935,66882500
2017-05-02 13:30:00,238.83999633789065,238.97999572753903,238.3000030517578,238.77000427246097,206.5142059326172,57375700
2017-05-03 13:30:00,238.77000427246097,238.8800048828125,237.6999969482422,238.47999572753903,206.26336669921875,73137700
2017-05-04 13:30:00,238.8300018310547,238.9199981689453,237.77999877929688,238.7599945068359,206.50555419921875,61462700
2017-05-05 13:30:00,239.19000244140625,239.72000122070312,238.67999267578125,239.6999969482422,207.3185272216797,62001300
2017-05-08 13:30:00,239.75,239.9199981689453,239.1699981689453,239.66000366210935,207.2839813232422,48385700
2017-05-09 13:30:00,239.9600067138672,240.19000244140625,239.0399932861328,239.44000244140625,207.09371948242188,51363200
2017-05-10 13:30:00,239.38999938964844,239.8699951171875,239.1499938964844,239.8699951171875,207.465576171875,54293800
2017-05-11 13:30:00,239.3500061035156,239.57000732421875,238.1300048828125,239.3800048828125,207.0418243408203,62358300
2017-05-12 13:30:00,239.08999633789065,239.42999267578125,238.6699981689453,238.97999572753903,206.6958465576172,53912700
2017-05-15 13:30:00,239.47000122070312,240.44000244140625,239.4499969482422,240.3000030517578,207.8375244140625,61918900
2017-05-16 13:30:00,240.63999938964844,240.6699981689453,239.6300048828125,240.0800018310547,207.647216796875,51241800
2017-05-17 13:30:00,240.0800018310547,240.0800018310547,235.75,235.82000732421875,203.96275329589844,172174100
2017-05-18 13:30:00,235.72999572753903,237.75,235.42999267578125,236.77000427246097,204.7843780517578,107047700
2017-05-19 13:30:00,237.3300018310547,239.0800018310547,237.27000427246097,238.30999755859375,206.1163330078125,115011400
2017-05-22 13:30:00,238.8999938964844,239.7100067138672,238.82000732421875,239.52000427246097,207.1628875732422,61010600
2017-05-23 13:30:00,239.9499969482422,240.2400054931641,239.5099945068359,240.0500030517578,207.62130737304688,48341700
2017-05-24 13:30:00,240.32000732421875,240.72999572753903,239.92999267578125,240.61000061035156,208.1056671142578,46927700
2017-05-25 13:30:00,241.1999969482422,242.0800018310547,240.9600067138672,241.7599945068359,209.10028076171875,64071700
2017-05-26 13:30:00,241.5399932861328,241.8999938964844,241.4499969482422,241.7100067138672,209.05706787109375,46629900
2017-05-30 13:30:00,241.33999633789065,241.7899932861328,241.16000366210935,241.5,208.87545776367188,35201900
2017-05-31 13:30:00,241.83999633789065,241.8800048828125,240.63999938964844,241.44000244140625,208.8235626220703,91796000
2017-06-01 13:30:00,241.97000122070312,243.3800048828125,241.63999938964844,243.36000061035156,210.48416137695312,68962000
2017-06-02 13:30:00,243.4199981689453,244.3500061035156,243.0800018310547,244.1699981689453,211.1846923828125,88666100
2017-06-05 13:30:00,243.97000122070312,244.3000030517578,243.7599945068359,243.9900054931641,211.0290069580078,44698800
2017-06-06 13:30:00,243.33999633789065,243.97999572753903,243.1199951171875,243.2100067138672,210.35438537597656,50375400
2017-06-07 13:30:00,243.6000061035156,243.9199981689453,242.8300018310547,243.66000366210935,210.7436065673828,54144300
2017-06-08 13:30:00,243.77000427246097,244.3300018310547,243.1699981689453,243.77999877929688,210.84735107421875,65950700
2017-06-09 13:30:00,244.08999633789065,245.0099945068359,241.9499969482422,243.41000366210935,210.5274200439453,132256400
2017-06-12 13:30:00,243.1300048828125,243.4199981689453,242.3800048828125,243.36000061035156,210.48416137695312,86108100
2017-06-13 13:30:00,243.97999572753903,244.61000061035156,243.5800018310547,244.5500030517578,211.5133514404297,60067000
2017-06-14 13:30:00,244.86000061035156,244.8699951171875,243.2899932861328,244.2400054931641,211.24525451660156,78602300
2017-06-15 13:30:00,242.67999267578125,243.91000366210935,242.36000061035156,243.77000427246097,210.83876037597656,66464900
2017-06-16 13:30:00,242.77000427246097,242.8300018310547,241.6300048828125,242.63999938964844,210.88482666015625,84553100
2017-06-19 13:30:00,243.58999633789065,244.72999572753903,243.47999572753903,244.66000366210935,212.64048767089844,65123800
2017-06-20 13:30:00,244.25,244.2599945068359,242.9900054931641,243.0099945068359,211.20635986328125,56906400
2017-06-21 13:30:00,243.4600067138672,243.58999633789065,242.41000366210935,242.9499969482422,211.15423583984375,55977600
2017-06-22 13:30:00,242.9600067138672,243.52999877929688,242.63999938964844,242.83999633789065,211.05865478515625,44148100
2017-06-23 13:30:00,242.91000366210935,243.5099945068359,242.47000122070312,243.1300048828125,211.31065368652344,66986800
2017-06-26 13:30:00,243.8999938964844,244.3800048828125,243.0500030517578,243.2899932861328,211.44972229003903,56700500
2017-06-27 13:30:00,243.0399932861328,243.3800048828125,241.30999755859375,241.3300018310547,209.7462921142578,82247700
2017-06-28 13:30:00,242.5,243.72000122070312,242.22999572753903,243.4900054931641,211.6236114501953,70042600
2017-06-29 13:30:00,243.66000366210935,243.72000122070312,239.9600067138672,241.3500061035156,209.76365661621097,106949700
2017-06-30 13:30:00,242.27999877929688,242.7100067138672,241.5800018310547,241.8000030517578,210.15476989746097,86820700
2017-07-03 13:30:00,242.8800048828125,243.3800048828125,242.2100067138672,242.2100067138672,210.51109313964844,39153800
2017-07-05 13:30:00,242.6300048828125,243.0099945068359,241.6999969482422,242.77000427246097,210.9977874755859,54427600
2017-07-06 13:30:00,241.88999938964844,242.02999877929688,240.33999633789065,240.5500030517578,209.06832885742188,65400800
2017-07-07 13:30:00,241.2100067138672,242.27999877929688,240.55999755859375,242.11000061035156,210.42425537109375,57972300
2017-07-10 13:30:00,242.11000061035156,242.8000030517578,241.7599945068359,242.3699951171875,210.650146484375,36663300
2017-07-11 13:30:00,242.3699951171875,242.5500030517578,240.8500061035156,242.19000244140625,210.49368286132812,50354600
2017-07-12 13:30:00,243.3000030517578,244.1999969482422,243.3000030517578,244.0099945068359,212.07550048828125,59610400
2017-07-13 13:30:00,244.02000427246097,244.5500030517578,243.7599945068359,244.4199981689453,212.4319000244141,39471600
2017-07-14 13:30:00,244.4199981689453,245.97000122070312,244.30999755859375,245.55999755859375,213.4226837158203,60262700
2017-07-17 13:30:00,245.47000122070312,245.91000366210935,245.3300018310547,245.52999877929688,213.3965606689453,33531900
2017-07-18 13:30:00,245.05999755859375,245.72000122070312,244.6699981689453,245.66000366210935,213.5095672607422,42742500
2017-07-19 13:30:00,246.02000427246097,247.0,246.0099945068359,246.9900054931641,214.6654815673828,51034300
2017-07-20 13:30:00,247.27999877929688,247.4199981689453,246.47000122070312,247.1000061035156,214.7611541748047,47135200
2017-07-21 13:30:00,246.44000244140625,246.91000366210935,246.17999267578125,246.8800048828125,214.5699005126953,82340800
2017-07-24 13:30:00,246.7899932861328,246.97999572753903,246.27999877929688,246.82000732421875,214.5177764892578,46622300
2017-07-25 13:30:00,247.67999267578125,247.8000030517578,247.16000366210935,247.4199981689453,215.03921508789065,54915600
2017-07-26 13:30:00,247.75,247.7899932861328,247.1300048828125,247.42999267578125,215.04791259765625,47575400
2017-07-27 13:30:00,247.9600067138672,248.0,245.67999267578125,247.1999969482422,214.84799194335935,70766600
2017-07-28 13:30:00,246.6499938964844,247.05999755859375,246.1300048828125,246.91000366210935,214.5959625244141,50088400
2017-07-31 13:30:00,247.3699951171875,247.47999572753903,246.52999877929688,246.77000427246097,214.4742889404297,65838700
2017-08-01 13:30:00,247.4600067138672,247.5,246.72000122070312,247.32000732421875,214.95233154296875,55050400
2017-08-02 13:30:00,247.47000122070312,247.6000061035156,246.3699951171875,247.44000244140625,215.05661010742188,47211200
2017-08-03 13:30:00,247.30999755859375,247.33999633789065,246.63999938964844,246.9600067138672,214.639404296875,40856000
2017-08-04 13:30:00,247.52000427246097,247.7899932861328,246.97000122070312,247.41000366210935,215.03054809570312,60191800
2017-08-07 13:30:00,247.4900054931641,247.8699951171875,247.3699951171875,247.8699951171875,215.43032836914065,31995000
2017-08-08 13:30:00,247.5099945068359,248.91000366210935,246.8300018310547,247.2599945068359,214.9001922607422,61719400
2017-08-09 13:30:00,246.47000122070312,247.30999755859375,246.05999755859375,247.25,214.89149475097656,62632600
2017-08-10 13:30:00,246.2899932861328,246.44000244140625,243.6999969482422,243.7599945068359,211.85821533203125,120479500
2017-08-11 13:30:00,244.02000427246097,244.8000030517578,243.75,244.1199951171875,212.1711273193359,74869900
2017-08-14 13:30:00,245.58999633789065,246.7899932861328,245.5500030517578,246.5399932861328,214.27438354492188,73291900
2017-08-15 13:30:00,246.97999572753903,247.0,246.16000366210935,246.5099945068359,214.24832153320312,55242700
2017-08-16 13:30:00,247.11000061035156,247.57000732421875,246.4499969482422,246.94000244140625,214.6220703125,56715500
2017-08-17 13:30:00,246.2400054931641,246.6000061035156,243.08999633789065,243.08999633789065,211.27587890625,128490400
2017-08-18 13:30:00,242.8999938964844,244.19000244140625,242.1999969482422,242.7100067138672,210.94561767578125,136748000
2017-08-21 13:30:00,242.63999938964844,243.1999969482422,241.8300018310547,242.8999938964844,211.11077880859375,65469700
2017-08-22 13:30:00,243.57000732421875,245.6199951171875,243.5500030517578,245.44000244140625,213.31837463378903,63140100
2017-08-23 13:30:00,244.3300018310547,245.0500030517578,244.16000366210935,244.55999755859375,212.5535430908203,50203800
2017-08-24 13:30:00,245.0,245.17999267578125,243.75,243.9900054931641,212.05813598632812,50741700
2017-08-25 13:30:00,244.8999938964844,245.61000061035156,244.38999938964844,244.55999755859375,212.5535430908203,64445900
2017-08-28 13:30:00,245.1699981689453,245.1999969482422,244.08999633789065,244.57000732421875,212.56222534179688,40565600
2017-08-29 13:30:00,243.05999755859375,245.1499938964844,242.92999267578125,244.8500061035156,212.80560302734375,51135700
2017-08-30 13:30:00,244.8300018310547,246.32000732421875,244.6199951171875,246.0099945068359,213.8137359619141,62030800
2017-08-31 13:30:00,246.72000122070312,247.77000427246097,246.0500030517578,247.4900054931641,215.1000518798828,103803900
2017-09-01 13:30:00,247.9199981689453,248.3300018310547,247.6699981689453,247.83999633789065,215.4042205810547,62007000
2017-09-05 13:30:00,247.2599945068359,247.52000427246097,244.9499969482422,246.05999755859375,213.85720825195312,91398800
2017-09-06 13:30:00,246.83999633789065,247.27999877929688,246.22999572753903,246.8999938964844,214.58729553222656,57916900
2017-09-07 13:30:00,247.25,247.27000427246097,246.3999938964844,246.8699951171875,214.56121826171875,58034700
2017-09-08 13:30:00,246.5399932861328,247.11000061035156,246.3000030517578,246.5800018310547,214.3092041015625,63832800
2017-09-11 13:30:00,248.0399932861328,249.3000030517578,248.02000427246097,249.2100067138672,216.594970703125,71364800
2017-09-12 13:30:00,249.6300048828125,250.08999633789065,249.4199981689453,250.0500030517578,217.32504272460935,56896000
2017-09-13 13:30:00,249.72000122070312,250.2100067138672,249.58999633789065,250.1699981689453,217.42935180664065,59228000
2017-09-14 13:30:00,249.8000030517578,250.32000732421875,249.6000061035156,250.08999633789065,217.3597869873047,95446300
2017-09-15 13:30:00,248.69000244140625,249.2899932861328,248.57000732421875,249.19000244140625,217.6523895263672,95432400
2017-09-18 13:30:00,249.61000061035156,250.1199951171875,249.27999877929688,249.72000122070312,218.1153106689453,46235200
2017-09-19 13:30:00,250.0,250.07000732421875,249.6000061035156,249.97000122070312,218.33367919921875,47108100
2017-09-20 13:30:00,250.07000732421875,250.19000244140625,248.9199981689453,250.05999755859375,218.41229248046875,59574100
2017-09-21 13:30:00,249.8800048828125,249.97999572753903,249.19000244140625,249.38999938964844,217.8270721435547,48211400
2017-09-22 13:30:00,249.0500030517578,249.6300048828125,249.02000427246097,249.44000244140625,217.8707733154297,51214000
2017-09-25 13:30:00,249.1499938964844,249.5500030517578,248.0800018310547,248.92999267578125,217.42529296875,57064400
2017-09-26 13:30:00,249.4199981689453,249.6999969482422,248.80999755859375,249.0800018310547,217.5563507080078,54082000
2017-09-27 13:30:00,249.8800048828125,250.4900054931641,248.8699951171875,250.0500030517578,218.403564453125,81001400
2017-09-28 13:30:00,249.72999572753903,250.44000244140625,249.6300048828125,250.3500061035156,218.6655731201172,44778800
2017-09-29 13:30:00,250.33999633789065,251.32000732421875,250.1300048828125,251.22999572753903,219.43423461914065,85578000
2017-10-02 13:30:00,251.4900054931641,252.32000732421875,251.2899932861328,252.32000732421875,220.3863067626953,59023000
2017-10-03 13:30:00,252.32000732421875,252.88999938964844,252.22999572753903,252.86000061035156,220.85794067382812,66810200
2017-10-04 13:30:00,252.69000244140625,253.44000244140625,252.55999755859375,253.16000366210935,221.11997985839844,55953600
2017-10-05 13:30:00,253.5399932861328,254.67999267578125,253.1999969482422,254.66000366210935,222.43014526367188,63522800
2017-10-06 13:30:00,254.1499938964844,254.6999969482422,253.8500061035156,254.3699951171875,222.17678833007812,80646000
2017-10-09 13:30:00,254.6300048828125,254.6999969482422,253.6499938964844,253.9499969482422,221.80999755859375,35803100
2017-10-10 13:30:00,254.6000061035156,255.0500030517578,253.97999572753903,254.6199951171875,222.39515686035156,43057400
2017-10-11 13:30:00,254.5099945068359,255.02000427246097,254.32000732421875,255.02000427246097,222.74456787109375,47674300
2017-10-12 13:30:00,254.66000366210935,255.05999755859375,254.3699951171875,254.63999938964844,222.4126739501953,47065100
2017-10-13 13:30:00,255.13999938964844,255.27000427246097,254.63999938964844,254.9499969482422,222.68345642089844,54800400
2017-10-16 13:30:00,255.2100067138672,255.5099945068359,254.82000732421875,255.2899932861328,222.9803771972656,38221700
2017-10-17 13:30:00,255.22999572753903,255.52000427246097,254.97999572753903,255.47000122070312,223.13758850097656,31561000
2017-10-18 13:30:00,255.8999938964844,255.9499969482422,255.5,255.72000122070312,223.35595703125,40888300
2017-10-19 13:30:00,254.8300018310547,255.8300018310547,254.3500061035156,255.7899932861328,223.4171142578125,61903800
2017-10-20 13:30:00,256.70001220703125,257.1400146484375,255.77000427246097,257.1099853515625,224.5700531005859,89176400
2017-10-23 13:30:00,257.4800109863281,257.510009765625,256.0199890136719,256.1099853515625,223.6966094970703,63915300
2017-10-24 13:30:00,256.6000061035156,256.8299865722656,256.1499938964844,256.55999755859375,224.0896148681641,66935900
2017-10-25 13:30:00,256.17999267578125,256.30999755859375,254.0,255.2899932861328,222.9803771972656,103715300
2017-10-26 13:30:00,255.9900054931641,256.29998779296875,255.47999572753903,255.6199951171875,223.2686462402344,69798000
2017-10-27 13:30:00,256.4700012207031,257.8900146484375,255.6300048828125,257.7099914550781,225.0941467285156,85562500
2017-10-30 13:30:00,256.4700012207031,257.6000061035156,256.4100036621094,256.75,224.25558471679688,54285700
2017-10-31 13:30:00,257.17999267578125,257.44000244140625,256.80999755859375,257.1499938964844,224.60496520996097,60304800
2017-11-01 13:30:00,258.0400085449219,258.42999267578125,257.07000732421875,257.489990234375,224.9019470214844,54202700
2017-11-02 13:30:00,257.4100036621094,257.75,256.19000244140625,257.5899963378906,224.98928833007812,56449500
2017-11-03 13:30:00,257.7699890136719,258.5,257.29998779296875,258.45001220703125,225.74050903320312,59589700
2017-11-06 14:30:00,258.29998779296875,259.0,258.2200012207031,258.8500061035156,226.08985900878903,49652600
2017-11-07 14:30:00,258.9700012207031,259.3500061035156,258.0899963378906,258.6700134277344,225.93264770507812,57502200
2017-11-08 14:30:00,258.4700012207031,259.2200012207031,258.1499938964844,259.1099853515625,226.31695556640625,50469600
2017-11-09 14:30:00,257.7300109863281,258.3900146484375,256.3599853515625,258.1700134277344,225.49594116210935,95085500
2017-11-10 14:30:00,257.7300109863281,258.2900085449219,257.3699951171875,258.0899963378906,225.4260101318359,59984700
2017-11-13 14:30:00,257.30999755859375,258.5899963378906,257.2699890136719,258.3299865722656,225.6356506347656,50228600
2017-11-14 14:30:00,257.4100036621094,257.8500061035156,256.5199890136719,257.7300109863281,225.11160278320312,61315200
2017-11-15 14:30:00,256.6199951171875,257.2200012207031,255.6300048828125,256.44000244140625,223.9848175048828,80811500
2017-11-16 14:30:00,257.5199890136719,259.0400085449219,257.4700012207031,258.6199951171875,225.8889007568359,67777000
2017-11-17 14:30:00,258.2200012207031,258.5899963378906,257.7699890136719,257.8599853515625,225.22509765625,75756800
2017-11-20 14:30:00,258.1400146484375,258.5199890136719,257.8599853515625,258.29998779296875,225.6094207763672,48075500
2017-11-21 14:30:00,259.17999267578125,260.20001220703125,258.260009765625,259.989990234375,227.08558654785156,69176800
2017-11-22 14:30:00,260.0,260.1499938964844,259.57000732421875,259.760009765625,226.88465881347656,45033400
2017-11-24 14:30:00,260.32000732421875,260.4800109863281,260.1600036621094,260.3599853515625,227.40867614746097,27856500
2017-11-27 14:30:00,260.4100036621094,260.75,260.0,260.2300109863281,227.29522705078125,52274900
2017-11-28 14:30:00,260.760009765625,262.8999938964844,260.6499938964844,262.8699951171875,229.60105895996097,98971700
2017-11-29 14:30:00,263.0199890136719,263.6300048828125,262.20001220703125,262.7099914550781,229.4613037109375,77512100
2017-11-30 14:30:00,263.760009765625,266.04998779296875,263.6700134277344,265.010009765625,231.47027587890625,127894400
2017-12-01 14:30:00,264.760009765625,265.30999755859375,260.760009765625,264.4599914550781,230.98985290527344,164390900
2017-12-04 14:30:00,266.30999755859375,266.79998779296875,264.0799865722656,264.1400146484375,230.71031188964844,94040600
2017-12-05 14:30:00,263.19000244140625,265.1499938964844,263.0400085449219,263.19000244140625,229.8805694580078,77994500
2017-12-06 14:30:00,263.29998779296875,263.7300109863281,262.7099914550781,263.239990234375,229.9242401123047,75898600
2017-12-07 14:30:00,264.07000732421875,264.42999267578125,262.94000244140625,264.07000732421875,230.6491546630859,77218600
2017-12-08 14:30:00,265.1600036621094,265.5199890136719,264.0299987792969,265.510009765625,231.9069366455078,76563900
2017-12-11 14:30:00,266.30999755859375,266.3800048828125,265.4800109863281,266.30999755859375,232.6057281494141,83077500
2017-12-12 14:30:00,267.2099914550781,267.32000732421875,266.3500061035156,266.7799987792969,233.0162048339844,85195800
2017-12-13 14:30:00,267.05999755859375,267.55999755859375,266.6499938964844,266.75,232.9899749755859,102905400
2017-12-14 14:30:00,267.0899963378906,267.2200012207031,265.6000061035156,265.6600036621094,232.0379943847656,100666700
2017-12-15 14:30:00,265.45001220703125,267.0400085449219,265.3900146484375,266.510009765625,233.97024536132812,144610300
2017-12-18 14:30:00,268.1000061035156,268.6000061035156,267.9800109863281,268.20001220703125,235.45391845703125,83653600
2017-12-19 14:30:00,268.4800109863281,268.5299987792969,267.0899963378906,267.1700134277344,234.54966735839844,82382900
2017-12-20 14:30:00,268.2699890136719,268.3299865722656,266.69000244140625,267.0299987792969,234.4266815185547,76751500
2017-12-21 14:30:00,267.739990234375,268.3900146484375,267.29998779296875,267.5799865722656,234.9095916748047,67032300
2017-12-22 14:30:00,267.6000061035156,267.6400146484375,266.8999938964844,267.510009765625,234.84812927246097,78720900
2017-12-26 14:30:00,267.04998779296875,267.44000244140625,266.8900146484375,267.19000244140625,234.56719970703125,45244400
2017-12-27 14:30:00,267.3800048828125,267.7300109863281,267.010009765625,267.32000732421875,234.68130493164065,57751000
2017-12-28 14:30:00,267.8900146484375,267.9200134277344,267.45001220703125,267.8699951171875,235.16421508789065,45116100
2017-12-29 14:30:00,268.5299987792969,268.54998779296875,266.6400146484375,266.8599853515625,234.27748107910156,96007400
2018-01-02 14:30:00,267.8399963378906,268.80999755859375,267.3999938964844,268.7699890136719,235.95423889160156,86655700
2018-01-03 14:30:00,268.9599914550781,270.6400146484375,268.9599914550781,270.4700012207031,237.4467315673828,90070400
2018-01-04 14:30:00,271.20001220703125,272.1600036621094,270.5400085449219,271.6099853515625,238.4475555419922,80636400
2018-01-05 14:30:00,272.510009765625,273.55999755859375,271.95001220703125,273.4200134277344,240.0365753173828,83524000
2018-01-08 14:30:00,273.30999755859375,274.1000061035156,272.9800109863281,273.9200134277344,240.47552490234375,57319200
2018-01-09 14:30:00,274.3999938964844,275.25,274.0799865722656,274.5400085449219,241.019775390625,57254000
2018-01-10 14:30:00,273.67999267578125,274.4200134277344,272.9200134277344,274.1199951171875,240.65109252929688,69574300
2018-01-11 14:30:00,274.75,276.1199951171875,274.55999755859375,276.1199951171875,242.40695190429688,62361500
2018-01-12 14:30:00,276.4200134277344,278.1099853515625,276.0799865722656,277.9200134277344,243.9871826171875,90816100
2018-01-16 14:30:00,279.3500061035156,280.0899963378906,276.17999267578125,276.9700012207031,243.15310668945312,106555100
2018-01-17 14:30:00,278.0299987792969,280.04998779296875,276.9700012207031,279.6099853515625,245.47071838378903,113258800
2018-01-18 14:30:00,279.4800109863281,279.9599914550781,278.5799865722656,279.1400146484375,245.0581817626953,100728000
2018-01-19 14:30:00,279.79998779296875,280.4100036621094,279.1400146484375,280.4100036621094,246.1730194091797,140920100
2018-01-22 14:30:00,280.1700134277344,282.69000244140625,280.1099853515625,282.69000244140625,248.1746826171875,91322400
2018-01-23 14:30:00,282.739990234375,283.6199951171875,282.3699951171875,283.2900085449219,248.70152282714844,97084700
2018-01-24 14:30:00,284.0199890136719,284.70001220703125,281.8399963378906,283.17999267578125,248.6048889160156,134816100
2018-01-25 14:30:00,284.1600036621094,284.2699890136719,282.3999938964844,283.29998779296875,248.71023559570312,84587300
2018-01-26 14:30:00,284.25,286.6300048828125,283.9599914550781,286.5799865722656,251.58984375,107743100
2018-01-29 14:30:00,285.92999267578125,286.42999267578125,284.5,284.67999267578125,249.92172241210935,90118300
2018-01-30 14:30:00,282.6000061035156,284.739990234375,281.2200012207031,281.760009765625,247.3583068847656,131796400
2018-01-31 14:30:00,282.7300109863281,283.29998779296875,280.67999267578125,281.8999938964844,247.4811859130859,108364800
2018-02-01 14:30:00,281.07000732421875,283.05999755859375,280.67999267578125,281.5799865722656,247.20030212402344,90102500
2018-02-02 14:30:00,280.0799865722656,280.2300109863281,275.4100036621094,275.45001220703125,241.8187255859375,173174800
2018-02-05 14:30:00,273.45001220703125,275.8500061035156,263.30999755859375,263.92999267578125,231.70521545410156,294681800
2018-02-06 14:30:00,259.94000244140625,269.70001220703125,258.70001220703125,269.1300048828125,236.27035522460935,355026800
2018-02-07 14:30:00,268.5,272.3599853515625,267.5799865722656,267.6700134277344,234.98861694335935,167376100
2018-02-08 14:30:00,268.010009765625,268.1700134277344,257.5899963378906,257.6300048828125,226.1744384765625,246449500
2018-02-09 14:30:00,260.79998779296875,263.6099853515625,252.9199981689453,261.5,229.57191467285156,283565300
2018-02-12 14:30:00,263.8299865722656,267.010009765625,261.6600036621094,265.3399963378906,232.9430694580078,143736000
2018-02-13 14:30:00,263.9700012207031,266.6199951171875,263.30999755859375,266.0,233.5225372314453,81223600
2018-02-14 14:30:00,264.30999755859375,270.0,264.29998779296875,269.5899963378906,236.6741485595703,120735700
2018-02-15 14:30:00,271.57000732421875,273.0400085449219,268.7699890136719,273.0299987792969,239.69418334960935,111200300
2018-02-16 14:30:00,272.32000732421875,275.32000732421875,272.2699890136719,273.1099853515625,239.76437377929688,160420100
2018-02-20 14:30:00,272.0299987792969,273.6700134277344,270.5,271.3999938964844,238.26324462890625,86369700
2018-02-21 14:30:00,271.8999938964844,274.7200012207031,269.94000244140625,270.04998779296875,237.0780334472656,98883700
2018-02-22 14:30:00,271.1000061035156,273.04998779296875,269.6400146484375,270.3999938964844,237.38525390625,110511300
2018-02-23 14:30:00,271.7900085449219,274.7099914550781,271.25,274.7099914550781,241.1690673828125,92766400
2018-02-26 14:30:00,275.92999267578125,278.010009765625,275.260009765625,277.8999938964844,243.96954345703125,86491400
2018-02-27 14:30:00,278.1099853515625,278.9200134277344,274.3599853515625,274.42999267578125,240.9232177734375,99099200
2018-02-28 14:30:00,275.67999267578125,276.19000244140625,271.2900085449219,271.6499938964844,238.48263549804688,121907800
2018-03-01 14:30:00,271.4100036621094,273.1700134277344,266.0,267.70001220703125,235.01492309570312,176855100
2018-03-02 14:30:00,265.79998779296875,269.7200012207031,264.82000732421875,269.0799865722656,236.2264404296875,139083200
2018-03-05 14:30:00,267.7300109863281,272.8900146484375,267.6099853515625,272.19000244140625,238.95672607421875,97307400
2018-03-06 14:30:00,273.29998779296875,273.3900146484375,271.17999267578125,272.8800048828125,239.5624542236328,79213200
2018-03-07 14:30:00,270.4200134277344,273.17999267578125,270.20001220703125,272.7799987792969,239.47476196289065,87063500
2018-03-08 14:30:00,273.54998779296875,274.239990234375,272.4200134277344,274.1000061035156,240.6335601806641,66901200
2018-03-09 14:30:00,275.70001220703125,278.8699951171875,275.3399963378906,278.8699951171875,244.82110595703125,113625300
2018-03-12 13:30:00,279.20001220703125,279.9100036621094,278.0799865722656,278.5199890136719,244.5138702392578,71924800
2018-03-13 13:30:00,279.8399963378906,280.4100036621094,276.0299987792969,276.7200012207031,242.9336395263672,91968900
2018-03-14 13:30:00,277.80999755859375,278.0199890136719,274.6700134277344,275.29998779296875,241.68699645996097,105895100
2018-03-15 13:30:00,275.8800048828125,276.6099853515625,274.42999267578125,275.0,241.42367553710935,83433000
2018-03-16 13:30:00,274.5,275.3900146484375,274.1400146484375,274.20001220703125,241.68539428710935,100343700
2018-03-19 13:30:00,273.3500061035156,274.3999938964844,268.6199951171875,270.489990234375,238.4153289794922,109208400
2018-03-20 13:30:00,270.94000244140625,271.6700134277344,270.17999267578125,270.95001220703125,238.82077026367188,59757300
2018-03-21 13:30:00,270.8999938964844,273.2699890136719,270.19000244140625,270.42999267578125,238.36241149902344,78709600
2018-03-22 13:30:00,267.9100036621094,268.8699951171875,263.3599853515625,263.6700134277344,232.40411376953125,148785900
2018-03-23 13:30:00,264.1700134277344,264.5400085449219,257.8299865722656,258.04998779296875,227.45046997070312,183534800
2018-03-26 13:30:00,262.1300048828125,265.42999267578125,259.4100036621094,265.1099853515625,233.6732482910156,141956100
2018-03-27 13:30:00,266.1700134277344,266.7699890136719,258.8399963378906,260.6000061035156,229.6980743408203,129941400
2018-03-28 13:30:00,260.75,262.6400146484375,258.5799865722656,259.8299865722656,229.01937866210935,146452300
2018-03-29 13:30:00,261.1199951171875,265.260009765625,259.8399963378906,263.1499938964844,231.9457244873047,111601600
2018-04-02 13:30:00,262.54998779296875,263.1300048828125,254.6699981689453,257.4700012207031,226.9392547607422,186286300
2018-04-03 13:30:00,258.8699951171875,261.30999755859375,256.8399963378906,260.7699890136719,229.84799194335935,119956900
2018-04-04 13:30:00,256.75,264.3599853515625,256.6000061035156,263.55999755859375,232.30711364746097,123715300
2018-04-05 13:30:00,265.54998779296875,266.6400146484375,264.32000732421875,265.6400146484375,234.14056396484375,82652600
2018-04-06 13:30:00,263.4200134277344,265.1099853515625,258.0,259.7200012207031,228.9224548339844,179521200
2018-04-09 13:30:00,261.3699951171875,264.8399963378906,259.94000244140625,261.0,230.0507049560547,105442900
2018-04-10 13:30:00,264.2699890136719,266.0400085449219,262.9800109863281,265.1499938964844,233.70860290527344,103529000
2018-04-11 13:30:00,263.4700012207031,265.6400146484375,263.3900146484375,263.760009765625,232.4833526611328,91140200
2018-04-12 13:30:00,265.260009765625,267.0,265.05999755859375,265.92999267578125,234.39605712890625,68890500
2018-04-13 13:30:00,267.4100036621094,267.5400085449219,264.010009765625,265.1499938964844,233.70860290527344,85079200
2018-04-16 13:30:00,267.0,268.20001220703125,266.07000732421875,267.3299865722656,235.63006591796875,63405300
2018-04-17 13:30:00,269.3299865722656,270.8699951171875,268.75,270.19000244140625,238.1509552001953,64682000
2018-04-18 13:30:00,270.69000244140625,271.29998779296875,269.8699951171875,270.3900146484375,238.32725524902344,57303900
2018-04-19 13:30:00,269.6499938964844,269.8800048828125,267.7200012207031,268.8900146484375,237.0051422119141,77655900
2018-04-20 13:30:00,268.80999755859375,269.05999755859375,265.6099853515625,266.6099853515625,234.99545288085935,99953100
2018-04-23 13:30:00,267.260009765625,267.8900146484375,265.3500061035156,266.57000732421875,234.9601898193359,65558000
2018-04-24 13:30:00,267.7300109863281,267.9800109863281,261.2799987792969,262.9800109863281,231.79588317871097,112885500
2018-04-25 13:30:00,262.9100036621094,264.1300048828125,260.8500061035156,263.6300048828125,232.3687744140625,103840900
2018-04-26 13:30:00,264.7900085449219,267.25,264.2900085449219,266.30999755859375,234.7310333251953,67731900
2018-04-27 13:30:00,267.0,267.3399963378906,265.5,266.55999755859375,234.9513702392578,57053600
2018-04-30 13:30:00,267.260009765625,267.8900146484375,264.42999267578125,264.510009765625,233.1444396972656,82182300
2018-05-01 13:30:00,263.8699951171875,265.1000061035156,262.1099853515625,264.9800109863281,233.5587615966797,74203400
2018-05-02 13:30:00,264.760009765625,265.67999267578125,262.760009765625,263.20001220703125,231.98980712890625,86368900
2018-05-03 13:30:00,262.260009765625,263.3599853515625,259.04998779296875,262.6199951171875,231.47854614257812,136311500
2018-05-04 13:30:00,261.5199890136719,266.7900085449219,261.1499938964844,266.0199890136719,234.4754180908203,91222100
2018-05-07 13:30:00,266.8900146484375,268.0199890136719,266.1099853515625,266.9200134277344,235.26869201660156,55304900
2018-05-08 13:30:00,266.5,267.3299865722656,265.1499938964844,266.9200134277344,235.26869201660156,67499200
2018-05-09 13:30:00,267.67999267578125,269.8699951171875,267.0899963378906,269.5,237.542724609375,59666100
2018-05-10 13:30:00,270.3399963378906,272.3900146484375,270.2200012207031,272.0199890136719,239.76397705078125,72063900
2018-05-11 13:30:00,272.1600036621094,273.1499938964844,271.5799865722656,272.8500061035156,240.49546813964844,59871500
2018-05-14 13:30:00,273.3399963378906,274.0799865722656,272.3599853515625,272.9800109863281,240.61007690429688,54790600
2018-05-15 13:30:00,271.5899963378906,271.6099853515625,270.0299987792969,271.1000061035156,238.95298767089844,87036100
2018-05-16 13:30:00,271.1400146484375,272.760009765625,271.1099853515625,272.239990234375,239.95779418945312,53942600
2018-05-17 13:30:00,271.94000244140625,273.2300109863281,271.1300048828125,272.010009765625,239.7550811767578,56536400
2018-05-18 13:30:00,271.6199951171875,272.0299987792969,270.92999267578125,271.3299865722656,239.15576171875,64368000
2018-05-21 13:30:00,273.010009765625,273.9800109863281,272.57000732421875,273.3699951171875,240.9538116455078,58025900
2018-05-22 13:30:00,273.9599914550781,274.25,272.239990234375,272.6099853515625,240.28396606445312,52966400
2018-05-23 13:30:00,271.1700134277344,273.3900146484375,270.989990234375,273.3599853515625,240.94500732421875,64694200
2018-05-24 13:30:00,272.9100036621094,273.2200012207031,270.7799987792969,272.79998779296875,240.45144653320312,76043800
2018-05-25 13:30:00,272.1499938964844,272.8599853515625,271.5799865722656,272.1499938964844,239.8785400390625,56374800
2018-05-29 13:30:00,270.30999755859375,271.1700134277344,267.760009765625,269.0199890136719,237.11959838867188,115908600
2018-05-30 13:30:00,270.5,273.1099853515625,270.4200134277344,272.6099853515625,240.28396606445312,69678400
2018-05-31 13:30:00,272.1499938964844,272.489990234375,270.260009765625,270.94000244140625,238.8119354248047,93519900
2018-06-01 13:30:00,272.4100036621094,273.94000244140625,272.3299865722656,273.6000061035156,241.15660095214844,71258400
2018-06-04 13:30:00,274.5299987792969,275.19000244140625,274.260009765625,274.8999938964844,242.30235290527344,45385200
2018-06-05 13:30:00,275.04998779296875,275.5299987792969,274.17999267578125,275.1000061035156,242.4787445068359,51135000
2018-06-06 13:30:00,275.7900085449219,277.5199890136719,275.0899963378906,277.3999938964844,244.5060272216797,62732200
2018-06-07 13:30:00,277.95001220703125,278.2799987792969,276.3399963378906,277.3699951171875,244.47952270507812,72969400
2018-06-08 13:30:00,276.8500061035156,278.25,276.6600036621094,278.19000244140625,245.2023162841797,72139700
2018-06-11 13:30:00,278.44000244140625,279.3699951171875,278.30999755859375,278.55999755859375,245.52835083007812,58892500
2018-06-12 13:30:00,279.0299987792969,279.3299865722656,278.19000244140625,278.9200134277344,245.845703125,72329000
2018-06-13 13:30:00,279.19000244140625,279.4800109863281,277.79998779296875,278.0299987792969,245.0612640380859,79070600
2018-06-14 13:30:00,279.010009765625,279.3299865722656,278.05999755859375,278.7300109863281,245.6782684326172,77097600
2018-06-15 13:30:00,276.6000061035156,277.510009765625,275.3500061035156,277.1300048828125,245.3647918701172,120041600
2018-06-18 13:30:00,275.489990234375,276.70001220703125,274.95001220703125,276.55999755859375,244.86016845703125,52917600
2018-06-19 13:30:00,274.0,275.75,273.5299987792969,275.5,243.9216461181641,97531500
2018-06-20 13:30:00,276.2699890136719,276.7200012207031,275.5899963378906,275.9700012207031,244.33787536621097,53785500
2018-06-21 13:30:00,275.9599914550781,275.9800109863281,273.67999267578125,274.239990234375,242.8060760498047,71061400
2018-06-22 13:30:00,275.6600036621094,275.7900085449219,274.489990234375,274.739990234375,243.2487640380859,54898500
2018-06-25 13:30:00,273.44000244140625,273.6199951171875,269.1000061035156,271.0,239.9374237060547,137854200
2018-06-26 13:30:00,271.6400146484375,272.55999755859375,270.7900085449219,271.6000061035156,240.46873474121097,68547400
2018-06-27 13:30:00,272.260009765625,273.8699951171875,269.17999267578125,269.3500061035156,238.4765625,105110700
2018-06-28 13:30:00,269.2900085449219,271.75,268.489990234375,270.8900146484375,239.84011840820312,76650500
2018-06-29 13:30:00,272.1199951171875,273.6600036621094,271.1499938964844,271.2799987792969,240.1853485107422,97592500
2018-07-02 13:30:00,269.510009765625,272.0400085449219,269.239990234375,271.8599853515625,240.6989288330078,63554800
2018-07-03 13:30:00,272.8699951171875,272.9800109863281,270.4200134277344,270.8999938964844,239.84893798828125,42187100
2018-07-05 13:30:00,272.1700134277344,273.17999267578125,270.9599914550781,273.1099853515625,241.80555725097656,56925900
2018-07-06 13:30:00,273.1400146484375,275.8399963378906,272.7099914550781,275.4200134277344,243.85086059570312,66493700
2018-07-09 13:30:00,276.54998779296875,277.9599914550781,276.5,277.8999938964844,246.0466461181641,50550400
2018-07-10 13:30:00,278.4100036621094,279.010009765625,278.0799865722656,278.8999938964844,246.93199157714844,51966800
2018-07-11 13:30:00,277.1499938964844,278.0400085449219,276.5199890136719,276.8599853515625,245.1257781982422,77054700
2018-07-12 13:30:00,278.2799987792969,279.42999267578125,277.6000061035156,279.3699951171875,247.3480987548828,60124700
2018-07-13 13:30:00,279.1700134277344,279.92999267578125,278.6600036621094,279.5899963378906,247.54286193847656,48216000
2018-07-16 13:30:00,279.6400146484375,279.79998779296875,278.8399963378906,279.3399963378906,247.3215484619141,48201000
2018-07-17 13:30:00,278.4700012207031,280.9100036621094,278.4100036621094,280.4700012207031,248.3219451904297,52315500
2018-07-18 13:30:00,280.55999755859375,281.17999267578125,280.05999755859375,281.05999755859375,248.8443603515625,44593500
2018-07-19 13:30:00,280.30999755859375,280.739990234375,279.4599914550781,280.0,247.9058532714844,61412100
2018-07-20 13:30:00,279.7699890136719,280.4800109863281,279.5,279.67999267578125,247.62255859375,82337700
2018-07-23 13:30:00,279.45001220703125,280.42999267578125,279.05999755859375,280.20001220703125,248.0829620361328,47047600
2018-07-24 13:30:00,281.7900085449219,282.55999755859375,280.6300048828125,281.6099853515625,249.3313446044922,68026900
2018-07-25 13:30:00,281.3299865722656,284.3699951171875,281.2799987792969,284.010009765625,251.4561767578125,78882900
2018-07-26 13:30:00,283.20001220703125,284.1099853515625,283.0899963378906,283.3399963378906,250.86306762695312,57919500
2018-07-27 13:30:00,283.7099914550781,283.82000732421875,280.3800048828125,281.4200134277344,249.16311645507812,76768700
2018-07-30 13:30:00,281.510009765625,281.69000244140625,279.3599853515625,279.95001220703125,247.861572265625,63742500
2018-07-31 13:30:00,280.80999755859375,282.0199890136719,280.3800048828125,281.3299865722656,249.0834503173828,68570500
2018-08-01 13:30:00,281.55999755859375,282.1300048828125,280.1300048828125,280.8599853515625,248.66726684570312,53853300
2018-08-02 13:30:00,279.3900146484375,282.5799865722656,279.1600036621094,282.3900146484375,250.02191162109375,63426400
2018-08-03 13:30:00,282.5299987792969,283.6600036621094,282.3299865722656,283.6000061035156,251.09324645996097,53935400
2018-08-06 13:30:00,283.6400146484375,284.989990234375,283.20001220703125,284.6400146484375,252.0140380859375,39400900
2018-08-07 13:30:00,285.3900146484375,286.010009765625,285.239990234375,285.5799865722656,252.8461456298828,43196600
2018-08-08 13:30:00,285.3900146484375,285.9100036621094,284.94000244140625,285.4599914550781,252.74002075195312,42114600
2018-08-09 13:30:00,285.5299987792969,285.9700012207031,284.9200134277344,285.07000732421875,252.3946990966797,35717000
2018-08-10 13:30:00,283.45001220703125,284.05999755859375,282.3599853515625,283.1600036621094,250.7037353515625,77076000
2018-08-13 13:30:00,283.4700012207031,284.1600036621094,281.7699890136719,282.1000061035156,249.76515197753903,65732900
2018-08-14 13:30:00,282.9200134277344,284.1700134277344,282.4800109863281,283.8999938964844,251.35891723632812,43842000
2018-08-15 13:30:00,282.3800048828125,282.5400085449219,280.1600036621094,281.7799987792969,249.48179626464844,102925400
2018-08-16 13:30:00,283.3999938964844,285.0400085449219,283.3599853515625,284.05999755859375,251.50054931640625,69967900
2018-08-17 13:30:00,283.8299865722656,285.55999755859375,283.3699951171875,285.05999755859375,252.38587951660156,65618500
2018-08-20 13:30:00,285.57000732421875,285.9700012207031,285.05999755859375,285.6700134277344,252.92588806152344,39807500
2018-08-21 13:30:00,286.25,287.30999755859375,285.7099914550781,286.3399963378906,253.51914978027344,67272000
2018-08-22 13:30:00,285.8800048828125,286.760009765625,285.5799865722656,286.1700134277344,253.36871337890625,44993300
2018-08-23 13:30:00,285.9700012207031,286.94000244140625,285.42999267578125,285.7900085449219,253.03219604492188,49204900
2018-08-24 13:30:00,286.44000244140625,287.6700134277344,286.3800048828125,287.510009765625,254.55511474609375,57487400
2018-08-27 13:30:00,288.8599853515625,289.8999938964844,288.67999267578125,289.7799987792969,256.5649108886719,57072400
2018-08-28 13:30:00,290.29998779296875,290.4200134277344,289.3999938964844,289.9200134277344,256.6889343261719,46943500
2018-08-29 13:30:00,290.1600036621094,291.739990234375,289.8900146484375,291.4800109863281,258.070068359375,61485500
2018-08-30 13:30:00,290.94000244140625,291.3599853515625,289.6300048828125,290.29998779296875,257.0252990722656,61229500
2018-08-31 13:30:00,289.8399963378906,290.80999755859375,289.2900085449219,290.30999755859375,257.0340881347656,66140800
2018-09-04 13:30:00,289.8399963378906,290.2099914550781,288.67999267578125,289.80999755859375,256.5914306640625,57594400
2018-09-05 13:30:00,289.4100036621094,289.6400146484375,287.8900146484375,289.0299987792969,255.90086364746097,72452400
2018-09-06 13:30:00,289.1499938964844,289.489990234375,287.0,288.1600036621094,255.1306304931641,65909900
2018-09-07 13:30:00,286.9800109863281,288.70001220703125,286.7099914550781,287.6000061035156,254.63475036621097,73524800
2018-09-10 13:30:00,288.739990234375,289.0400085449219,287.8800048828125,288.1000061035156,255.07749938964844,50210900
2018-09-11 13:30:00,287.3699951171875,289.54998779296875,286.9800109863281,289.04998779296875,255.9185485839844,50530500
2018-09-12 13:30:00,289.05999755859375,289.79998779296875,288.2300109863281,289.1199951171875,255.98046875,59810800
2018-09-13 13:30:00,290.32000732421875,291.0400085449219,290.0,290.8299865722656,257.4945373535156,51034200
2018-09-14 13:30:00,291.05999755859375,291.2699890136719,290.0,290.8800048828125,257.5387268066406,55079900
2018-09-17 13:30:00,290.82000732421875,290.8599853515625,289.0299987792969,289.3399963378906,256.1753234863281,68244000
2018-09-18 13:30:00,289.5799865722656,291.5799865722656,289.54998779296875,290.9100036621094,257.5653381347656,61930400
2018-09-19 13:30:00,290.9700012207031,291.69000244140625,290.8299865722656,291.2200012207031,257.83978271484375,49080600
2018-09-20 13:30:00,292.6400146484375,293.94000244140625,291.239990234375,293.5799865722656,259.9292907714844,100360600
2018-09-21 13:30:00,293.0899963378906,293.2200012207031,291.80999755859375,291.989990234375,259.6917724609375,105479700
2018-09-24 13:30:00,291.3399963378906,291.5,290.3699951171875,291.0199890136719,258.82916259765625,53409600
2018-09-25 13:30:00,291.5299987792969,291.6499938964844,290.4800109863281,290.75,258.58905029296875,44370000
2018-09-26 13:30:00,290.9100036621094,292.239990234375,289.4100036621094,289.8800048828125,257.8152770996094,79739700
2018-09-27 13:30:00,290.4100036621094,291.9100036621094,290.1000061035156,290.69000244140625,258.5356750488281,59249500
2018-09-28 13:30:00,289.989990234375,291.2799987792969,289.95001220703125,290.7200012207031,258.5623779296875,70091400
2018-10-01 13:30:00,292.1099853515625,292.92999267578125,290.9800109863281,291.7300109863281,259.46063232421875,62078900
2018-10-02 13:30:00,291.55999755859375,292.3599853515625,291.1400146484375,291.55999755859375,259.30938720703125,47258200
2018-10-03 13:30:00,292.739990234375,293.2099914550781,291.32000732421875,291.7200012207031,259.4517822265625,64694600
2018-10-04 13:30:00,291.17999267578125,291.239990234375,287.6600036621094,289.44000244140625,257.4239196777344,111545900
2018-10-05 13:30:00,289.69000244140625,290.2699890136719,286.2200012207031,287.82000732421875,255.9830780029297,105951700
2018-10-08 13:30:00,287.04998779296875,288.2200012207031,285.5,287.82000732421875,255.9830780029297,87742200
2018-10-09 13:30:00,287.3900146484375,288.8599853515625,286.7699890136719,287.3999938964844,255.6096649169922,74339000
2018-10-10 13:30:00,286.8299865722656,286.9100036621094,277.8800048828125,278.29998779296875,247.51609802246097,214731000
2018-10-11 13:30:00,277.0799865722656,278.8999938964844,270.3599853515625,272.1700134277344,242.06417846679688,274840500
2018-10-12 13:30:00,276.7699890136719,277.0899963378906,272.3699951171875,275.95001220703125,245.42611694335935,183186500
2018-10-15 13:30:00,275.54998779296875,277.0400085449219,274.29998779296875,274.3999938964844,244.0474853515625,102263700
2018-10-16 13:30:00,276.6000061035156,280.82000732421875,276.07000732421875,280.3999938964844,249.38389587402344,118255800
2018-10-17 13:30:00,280.44000244140625,281.1499938964844,277.55999755859375,280.45001220703125,249.42832946777344,110626000
2018-10-18 13:30:00,279.3999938964844,280.07000732421875,274.9700012207031,276.3999938964844,245.8262939453125,134557500
2018-10-19 13:30:00,277.1300048828125,279.29998779296875,275.4700012207031,276.25,245.69293212890625,139901600
2018-10-22 13:30:00,277.0,277.3599853515625,274.4100036621094,275.010009765625,244.590087890625,82415800
2018-10-23 13:30:00,270.95001220703125,274.8699951171875,268.6099853515625,273.6099853515625,243.3449249267578,146352700
2018-10-24 13:30:00,273.3299865722656,273.760009765625,264.70001220703125,265.32000732421875,235.9719085693359,177806700
2018-10-25 13:30:00,267.3800048828125,271.80999755859375,266.2300109863281,270.0799865722656,240.2054443359375,138061500
2018-10-26 13:30:00,265.9200134277344,271.0,262.2900085449219,265.3299865722656,235.98081970214844,201574600
2018-10-29 13:30:00,268.79998779296875,270.25,259.8500061035156,263.8599853515625,234.67337036132812,160749100
2018-10-30 13:30:00,263.6700134277344,268.1199951171875,263.1199951171875,267.7699890136719,238.15089416503903,157116000
2018-10-31 13:30:00,270.6499938964844,273.2300109863281,270.1199951171875,270.6300048828125,240.694580078125,128296300
2018-11-01 13:30:00,271.6000061035156,273.7300109863281,270.3800048828125,273.510009765625,243.2560577392578,99495000
2018-11-02 13:30:00,274.75,275.2300109863281,269.5899963378906,271.8900146484375,241.8152008056641,122634100
2018-11-05 14:30:00,272.44000244140625,274.010009765625,271.3500061035156,273.3900146484375,243.1492462158203,65622500
2018-11-06 14:30:00,273.32000732421875,275.29998779296875,273.25,275.1199951171875,244.6878662109375,60085900
2018-11-07 14:30:00,277.55999755859375,281.1000061035156,277.0799865722656,281.010009765625,249.92642211914065,102752100
2018-11-08 14:30:00,280.1099853515625,281.2200012207031,279.2200012207031,280.5,249.47276306152344,65584900
2018-11-09 14:30:00,279.0299987792969,279.239990234375,276.17999267578125,277.760009765625,247.0359039306641,98812600
2018-11-12 14:30:00,277.19000244140625,277.4599914550781,271.989990234375,272.57000732421875,242.4199676513672,99673600
2018-11-13 14:30:00,273.0899963378906,275.3299865722656,271.25,272.05999755859375,241.9664001464844,98176600
2018-11-14 14:30:00,274.1600036621094,274.6099853515625,268.45001220703125,270.20001220703125,240.31216430664065,125335900
2018-11-15 14:30:00,268.7799987792969,273.5400085449219,267.010009765625,273.0199890136719,242.82015991210935,135101400
2018-11-16 14:30:00,271.7900085449219,274.75,271.2099914550781,273.7300109863281,243.45164489746097,126668000
2018-11-19 14:30:00,273.04998779296875,273.3800048828125,268.07000732421875,269.1000061035156,239.33380126953125,103061700
2018-11-20 14:30:00,265.3599853515625,267.0,263.1499938964844,264.1199951171875,234.90464782714844,136021300
2018-11-21 14:30:00,265.8599853515625,267.1499938964844,265.010009765625,265.0199890136719,235.705078125,75563700
2018-11-23 14:30:00,263.17999267578125,264.82000732421875,263.07000732421875,263.25,234.13087463378903,42807900
2018-11-26 14:30:00,265.7799987792969,267.75,265.3399963378906,267.5,237.9107666015625,79981400
2018-11-27 14:30:00,266.3399963378906,268.3999938964844,265.6600036621094,268.3999938964844,238.7112579345703,75502400
2018-11-28 14:30:00,269.6000061035156,274.5799865722656,268.3299865722656,274.5799865722656,244.20758056640625,127629600
2018-11-29 14:30:00,273.7099914550781,275.54998779296875,272.42999267578125,273.9800109863281,243.6739959716797,82346400
2018-11-30 14:30:00,273.80999755859375,276.2799987792969,273.45001220703125,275.6499938964844,245.1592254638672,98204200
2018-12-03 14:30:00,280.2799987792969,280.3999938964844,277.510009765625,279.29998779296875,248.4055023193359,103176300
2018-12-04 14:30:00,278.3699951171875,278.8500061035156,269.8999938964844,270.25,240.35655212402344,177986000
2018-12-06 14:30:00,265.9200134277344,269.9700012207031,262.44000244140625,269.8399963378906,239.99191284179688,204185400
2018-12-07 14:30:00,269.4599914550781,271.2200012207031,262.6300048828125,263.57000732421875,234.4154510498047,161018900
2018-12-10 14:30:00,263.3699951171875,265.1600036621094,258.6199951171875,264.07000732421875,234.8601226806641,151445900
2018-12-11 14:30:00,267.6600036621094,267.8699951171875,262.4800109863281,264.1300048828125,234.9135284423828,121504400
2018-12-12 14:30:00,267.4700012207031,269.0,265.3699951171875,265.4599914550781,236.096435546875,97976700
2018-12-13 14:30:00,266.5199890136719,267.489990234375,264.1199951171875,265.3699951171875,236.0164337158203,96662700
2018-12-14 14:30:00,262.9599914550781,264.0299987792969,259.8500061035156,260.4700012207031,231.6584320068359,116961100
2018-12-17 14:30:00,259.3999938964844,260.6499938964844,253.52999877929688,255.36000061035156,227.11358642578125,165492300
2018-12-18 14:30:00,257.20001220703125,257.95001220703125,253.27999877929688,255.0800018310547,226.86459350585935,134515100
2018-12-19 14:30:00,255.1699981689453,259.3999938964844,249.3500061035156,251.2599945068359,223.46714782714844,214992800
2018-12-20 14:30:00,249.86000061035156,251.6199951171875,244.6499938964844,247.1699981689453,219.82952880859375,252053400
2018-12-21 14:30:00,246.7400054931641,249.7100067138672,239.97999572753903,240.6999969482422,215.3253631591797,255345600
2018-12-24 14:30:00,239.0399932861328,240.83999633789065,234.27000427246097,234.33999633789065,209.63577270507812,147311600
2018-12-26 14:30:00,235.97000122070312,246.17999267578125,233.7599945068359,246.17999267578125,220.2276611328125,218485400
2018-12-27 14:30:00,242.57000732421875,248.2899932861328,238.9600067138672,248.07000732421875,221.91842651367188,186267300
2018-12-28 14:30:00,249.5800018310547,251.3999938964844,246.4499969482422,247.75,221.63214111328125,153100200
2018-12-31 14:30:00,249.55999755859375,250.19000244140625,247.47000122070312,249.9199981689453,223.57334899902344,144299400
2019-01-02 14:30:00,245.97999572753903,251.2100067138672,245.9499969482422,250.17999267578125,223.8058929443359,126925200
2019-01-03 14:30:00,248.22999572753903,248.57000732421875,243.6699981689453,244.2100067138672,218.46534729003903,144140700
2019-01-04 14:30:00,247.58999633789065,253.11000061035156,247.1699981689453,252.38999938964844,225.782958984375,142628800
2019-01-07 14:30:00,252.69000244140625,255.9499969482422,251.69000244140625,254.3800048828125,227.5631866455078,103139100
2019-01-08 14:30:00,256.82000732421875,257.30999755859375,254.0,256.7699890136719,229.7012176513672,102512600
2019-01-09 14:30:00,257.55999755859375,258.9100036621094,256.19000244140625,257.9700012207031,230.77471923828125,95006600
2019-01-10 14:30:00,256.260009765625,259.1600036621094,255.5,258.8800048828125,231.5888671875,96823900
2019-01-11 14:30:00,257.67999267578125,259.010009765625,257.0299987792969,258.9800109863281,231.67828369140625,73858100
2019-01-14 14:30:00,256.8599853515625,258.29998779296875,256.4100036621094,257.3999938964844,230.26486206054688,70908200
2019-01-15 14:30:00,257.82000732421875,260.70001220703125,257.80999755859375,260.3500061035156,232.90386962890625,85208300
2019-01-16 14:30:00,260.8299865722656,261.9700012207031,260.6000061035156,260.9800109863281,233.46743774414065,77636700
2019-01-17 14:30:00,260.010009765625,263.9200134277344,259.9599914550781,262.9599914550781,235.2386779785156,96118400
2019-01-18 14:30:00,264.9800109863281,266.9800109863281,263.0,266.4599914550781,238.36973571777344,127900300
2019-01-22 14:30:00,264.82000732421875,265.05999755859375,261.05999755859375,262.8599853515625,235.14920043945312,115531200
2019-01-23 14:30:00,264.010009765625,264.7900085449219,260.6600036621094,263.4100036621094,235.64129638671875,86030300
2019-01-24 14:30:00,263.2099914550781,264.20001220703125,262.0799865722656,263.54998779296875,235.76644897460935,59204100
2019-01-25 14:30:00,265.6099853515625,266.70001220703125,263.6600036621094,265.7799987792969,237.76141357421875,96883400
2019-01-28 14:30:00,263.3900146484375,263.8299865722656,261.7900085449219,263.760009765625,235.95437622070312,85613700
2019-01-29 14:30:00,263.9200134277344,264.54998779296875,262.4800109863281,263.4100036621094,235.64129638671875,66136300
2019-01-30 14:30:00,265.1000061035156,268.5199890136719,264.25,267.5799865722656,239.37173461914065,92473700
2019-01-31 14:30:00,267.510009765625,270.4700012207031,267.2699890136719,269.92999267578125,241.4739227294922,104012100
2019-02-01 14:30:00,270.1499938964844,271.20001220703125,269.17999267578125,270.05999755859375,241.5902404785156,85782500
2019-02-04 14:30:00,270.1099853515625,272.0299987792969,269.3599853515625,271.9599914550781,243.2898712158203,60744800
2019-02-05 14:30:00,272.44000244140625,273.44000244140625,271.8800048828125,273.1000061035156,244.3097381591797,79552800
2019-02-06 14:30:00,272.7900085449219,273.3399963378906,271.9200134277344,272.739990234375,243.9876708984375,58347800
2019-02-07 14:30:00,270.94000244140625,271.54998779296875,268.2900085449219,270.1400146484375,241.6618499755859,95482000
2019-02-08 14:30:00,268.75,270.5799865722656,267.8299865722656,270.4700012207031,241.9569549560547,75788900
2019-02-11 14:30:00,271.20001220703125,271.489990234375,270.0299987792969,270.6199951171875,242.0911865234375,68021400
2019-02-12 14:30:00,272.4200134277344,274.5199890136719,272.3399963378906,274.1000061035156,245.20425415039065,72270200
2019-02-13 14:30:00,275.0299987792969,275.92999267578125,274.55999755859375,274.989990234375,246.00050354003903,65277200
2019-02-14 14:30:00,273.7799987792969,275.6400146484375,272.8699951171875,274.3800048828125,245.4548492431641,83234400
2019-02-15 14:30:00,276.3599853515625,277.4100036621094,276.1300048828125,277.3699951171875,248.12953186035156,97088700
2019-02-19 14:30:00,276.4800109863281,278.5799865722656,276.4700012207031,277.8500061035156,248.5589141845703,59120800
2019-02-20 14:30:00,277.80999755859375,278.9200134277344,277.25,278.4100036621094,249.05990600585935,76610800
2019-02-21 14:30:00,277.70001220703125,278.1000061035156,276.3500061035156,277.4200134277344,248.17433166503903,64214700
2019-02-22 14:30:00,278.1099853515625,279.3599853515625,277.3999938964844,279.1400146484375,249.7130126953125,78114600
2019-02-25 14:30:00,280.7300109863281,281.30999755859375,279.42999267578125,279.5199890136719,250.05288696289065,69030700
2019-02-26 14:30:00,279.1300048828125,280.29998779296875,278.8999938964844,279.32000732421875,249.87405395507812,56844100
2019-02-27 14:30:00,278.5199890136719,279.5899963378906,277.4800109863281,279.20001220703125,249.7666778564453,56921600
2019-02-28 14:30:00,278.9599914550781,279.45001220703125,278.32000732421875,278.67999267578125,249.3014678955078,69268300
2019-03-01 14:30:00,280.44000244140625,280.8800048828125,278.82000732421875,280.4200134277344,250.8580322265625,78880500
2019-03-04 14:30:00,281.6000061035156,281.8699951171875,276.8399963378906,279.3999938964844,249.9455718994141,106494600
2019-03-05 14:30:00,279.5400085449219,279.760009765625,278.4100036621094,279.0199890136719,249.6056365966797,59114600
2019-03-06 14:30:00,279.1499938964844,279.1600036621094,276.9700012207031,277.3299865722656,248.09378051757812,75039800
2019-03-07 14:30:00,276.8299865722656,276.989990234375,274.07000732421875,275.010009765625,246.01840209960935,94885100
2019-03-08 14:30:00,272.94000244140625,274.6499938964844,272.4200134277344,274.4599914550781,245.52630615234375,85795800
2019-03-11 13:30:00,275.260009765625,278.6199951171875,275.2300109863281,278.44000244140625,249.08676147460935,65098900
2019-03-12 13:30:00,279.05999755859375,280.07000732421875,278.8500061035156,279.489990234375,250.0260772705078,79667500
2019-03-13 13:30:00,280.4800109863281,282.3800048828125,280.29998779296875,281.3399963378906,251.6811065673828,80639200
2019-03-14 13:30:00,281.3699951171875,281.8399963378906,280.6700134277344,281.1600036621094,251.5200958251953,67518400
2019-03-15 13:30:00,280.5400085449219,282.2099914550781,280.3299865722656,281.30999755859375,252.76271057128903,81309000
2019-03-18 13:30:00,281.54998779296875,282.6600036621094,281.29998779296875,282.3299865722656,253.67916870117188,62199800
2019-03-19 13:30:00,283.510009765625,284.3599853515625,281.4100036621094,282.3999938964844,253.74212646484375,90268100
2019-03-20 13:30:00,282.1600036621094,283.5,280.32000732421875,281.54998779296875,252.97837829589844,84609200
2019-03-21 13:30:00,280.6400146484375,285.17999267578125,280.5899963378906,284.7300109863281,255.83560180664065,79550400
2019-03-22 13:30:00,283.2200012207031,283.79998779296875,279.17999267578125,279.25,250.91175842285156,122659300
2019-03-25 13:30:00,278.8699951171875,280.19000244140625,277.6400146484375,279.0400085449219,250.7230682373047,85575200
2019-03-26 13:30:00,280.989990234375,282.17999267578125,279.55999755859375,281.1199951171875,252.5919647216797,68125900
2019-03-27 13:30:00,281.1099853515625,281.760009765625,277.92999267578125,279.6499938964844,251.2711181640625,72224700
2019-03-28 13:30:00,280.3500061035156,281.2099914550781,279.07000732421875,280.7099914550781,252.22352600097656,56238500
2019-03-29 13:30:00,282.3900146484375,282.8399963378906,281.1400146484375,282.4800109863281,253.81394958496097,82186800
2019-04-01 13:30:00,284.70001220703125,286.1600036621094,284.3999938964844,285.8299865722656,256.8238830566406,77617900
2019-04-02 13:30:00,286.0400085449219,286.2300109863281,285.0899963378906,285.9700012207031,256.94976806640625,40070400
2019-04-03 13:30:00,287.32000732421875,287.760009765625,285.75,286.4200134277344,257.35406494140625,68243200
2019-04-04 13:30:00,286.7799987792969,287.4599914550781,286.010009765625,287.17999267578125,258.0370788574219,48997500
2019-04-05 13:30:00,287.9200134277344,288.6300048828125,287.6000061035156,288.57000732421875,259.2860107421875,58621700
2019-04-08 13:30:00,288.1000061035156,288.9100036621094,287.3699951171875,288.7900085449219,259.4836120605469,53566300
2019-04-09 13:30:00,287.7200012207031,288.0799865722656,286.70001220703125,287.30999755859375,258.15380859375,66142300
2019-04-10 13:30:00,287.7699890136719,288.3900146484375,287.30999755859375,288.2900085449219,259.03436279296875,52601500
2019-04-11 13:30:00,288.8299865722656,288.8399963378906,287.5799865722656,288.2099914550781,258.9625549316406,55093100
2019-04-12 13:30:00,290.0,290.4700012207031,288.260009765625,290.1600036621094,260.7145690917969,69727800
2019-04-15 13:30:00,290.239990234375,290.3500061035156,289.0799865722656,289.9700012207031,260.5439147949219,49596700
2019-04-16 13:30:00,290.95001220703125,291.010009765625,289.5,290.1600036621094,260.7145690917969,52153200
2019-04-17 13:30:00,291.3999938964844,291.42999267578125,288.989990234375,289.45001220703125,260.0766296386719,58268300
2019-04-18 13:30:00,290.1000061035156,290.32000732421875,288.6600036621094,290.0199890136719,260.58880615234375,68708500
2019-04-22 13:30:00,289.1700134277344,290.44000244140625,289.07000732421875,290.2699890136719,260.8133850097656,40160100
2019-04-23 13:30:00,290.67999267578125,293.1400146484375,290.4200134277344,292.8800048828125,263.1586608886719,52246600
2019-04-24 13:30:00,292.7900085449219,293.1600036621094,292.07000732421875,292.2300109863281,262.574462890625,50392900
2019-04-25 13:30:00,292.1199951171875,292.7799987792969,290.7300109863281,292.04998779296875,262.4127197265625,57770900
2019-04-26 13:30:00,292.1000061035156,293.489990234375,291.239990234375,293.4100036621094,263.6347351074219,50916400
2019-04-29 13:30:00,293.510009765625,294.45001220703125,293.4100036621094,293.8699951171875,264.0481872558594,57197700
2019-04-30 13:30:00,293.489990234375,294.3399963378906,291.9200134277344,294.0199890136719,264.182861328125,81111700
2019-05-01 13:30:00,294.7200012207031,294.95001220703125,291.79998779296875,291.80999755859375,262.1971740722656,71671900
2019-05-02 13:30:00,291.67999267578125,292.70001220703125,289.5199890136719,291.17999267578125,261.63116455078125,65030200
2019-05-03 13:30:00,292.82000732421875,294.3399963378906,291.29998779296875,294.0299987792969,264.19183349609375,56543700
2019-05-06 13:30:00,289.25,293.30999755859375,288.8999938964844,292.82000732421875,263.10467529296875,107198100
2019-05-07 13:30:00,290.1499938964844,290.80999755859375,285.80999755859375,287.92999267578125,258.7109069824219,144729900
2019-05-08 13:30:00,287.5299987792969,289.42999267578125,286.8699951171875,287.5299987792969,258.3514709472656,91568300
2019-05-09 13:30:00,285.2300109863281,287.3299865722656,283.29998779296875,286.6600036621094,257.56976318359375,103471100
2019-05-10 13:30:00,285.6199951171875,288.94000244140625,282.29998779296875,288.1000061035156,258.8636474609375,112429300
2019-05-13 13:30:00,282.4200134277344,283.489990234375,279.92999267578125,280.8599853515625,252.3583221435547,127290500
2019-05-14 13:30:00,281.989990234375,285.1000061035156,281.8500061035156,283.3999938964844,254.64060974121097,77003200
2019-05-15 13:30:00,281.5899963378906,285.7699890136719,281.3599853515625,285.05999755859375,256.1321105957031,73956400
2019-05-16 13:30:00,285.8399963378906,289.2099914550781,285.760009765625,287.70001220703125,258.50421142578125,76749600
2019-05-17 13:30:00,285.1400146484375,288.6000061035156,285.1199951171875,285.8399963378906,256.8329772949219,100353000
2019-05-20 13:30:00,284.05999755859375,285.9599914550781,283.1199951171875,283.95001220703125,255.13473510742188,62877600
2019-05-21 13:30:00,285.8299865722656,286.92999267578125,285.54998779296875,286.510009765625,257.43499755859375,46847100
2019-05-22 13:30:00,285.45001220703125,286.69000244140625,285.1000061035156,285.6300048828125,256.6442565917969,49482500
2019-05-23 13:30:00,283.1600036621094,283.2099914550781,280.57000732421875,282.1400146484375,253.5084686279297,98733800
2019-05-24 13:30:00,283.739990234375,284.20001220703125,282.0899963378906,282.7799987792969,254.08346557617188,55268100
2019-05-28 13:30:00,283.0899963378906,284.1499938964844,280.1300048828125,280.1499938964844,251.7204132080078,70029400
2019-05-29 13:30:00,278.9100036621094,279.3599853515625,276.7099914550781,278.2699890136719,250.03114318847656,104972900
2019-05-30 13:30:00,279.1099853515625,280.0400085449219,277.80999755859375,279.0299987792969,250.7140655517578,62523800
2019-05-31 13:30:00,276.20001220703125,277.1199951171875,275.239990234375,275.2699890136719,247.3355712890625,86862800
2019-06-03 13:30:00,275.30999755859375,276.54998779296875,273.0899963378906,274.57000732421875,246.70669555664065,96428000
2019-06-04 13:30:00,277.1199951171875,280.67999267578125,276.6199951171875,280.5299987792969,252.061767578125,77231900
2019-06-05 13:30:00,282.3299865722656,282.989990234375,280.32000732421875,282.9599914550781,254.24525451660156,71169700
2019-06-06 13:30:00,283.2900085449219,285.54998779296875,282.57000732421875,284.79998779296875,255.89846801757812,69430400
2019-06-07 13:30:00,285.92999267578125,288.8500061035156,285.739990234375,287.6499938964844,258.4593200683594,74272200
2019-06-10 13:30:00,289.3699951171875,290.82000732421875,288.8699951171875,288.9700012207031,259.6453552246094,60799100
2019-06-11 13:30:00,290.989990234375,291.3999938964844,288.17999267578125,288.8999938964844,259.58251953125,58641300
2019-06-12 13:30:00,288.6400146484375,289.260009765625,287.82000732421875,288.3900146484375,259.1242370605469,47096300
2019-06-13 13:30:00,289.3999938964844,289.9800109863281,288.6199951171875,289.5799865722656,260.1933898925781,48945200
2019-06-14 13:30:00,289.260009765625,289.92999267578125,288.4100036621094,289.260009765625,259.9059753417969,52324700
2019-06-17 13:30:00,289.5199890136719,290.2200012207031,289.17999267578125,289.3699951171875,260.0047607421875,39205700
2019-06-18 13:30:00,291.3900146484375,293.57000732421875,290.989990234375,292.3999938964844,262.72723388671875,85434800
2019-06-19 13:30:00,292.54998779296875,293.6499938964844,291.4700012207031,293.05999755859375,263.3203125,78674400
2019-06-20 13:30:00,296.0400085449219,296.30999755859375,293.1300048828125,295.8599853515625,265.8361511230469,116570000
2019-06-21 13:30:00,294.1300048828125,295.5199890136719,293.760009765625,294.0,265.4497375488281,83309500
2019-06-24 13:30:00,294.2300109863281,294.5799865722656,293.4700012207031,293.6400146484375,265.1247253417969,47582700
2019-06-25 13:30:00,293.70001220703125,293.7300109863281,290.6400146484375,290.760009765625,262.5243225097656,82028700
2019-06-26 13:30:00,291.75,292.30999755859375,290.3500061035156,290.4700012207031,262.26251220703125,51584900
2019-06-27 13:30:00,291.30999755859375,292.05999755859375,290.8900146484375,291.5,263.1925048828125,40355200
2019-06-28 13:30:00,292.5799865722656,293.54998779296875,292.010009765625,293.0,264.5468444824219,59350900
2019-07-01 13:30:00,296.67999267578125,296.9200134277344,294.3299865722656,295.6600036621094,266.94854736328125,78705600
2019-07-02 13:30:00,295.6099853515625,296.489990234375,294.67999267578125,296.42999267578125,267.64373779296875,61504500
2019-07-03 13:30:00,297.17999267578125,298.82000732421875,297.0199890136719,298.79998779296875,269.7835998535156,40898900
2019-07-05 13:30:00,297.44000244140625,298.6400146484375,296.010009765625,298.4599914550781,269.4766540527344,51677300
2019-07-08 13:30:00,297.010009765625,298.260009765625,296.2200012207031,296.82000732421875,267.995849609375,45841800
2019-07-09 13:30:00,295.5400085449219,297.5199890136719,295.4800109863281,297.19000244140625,268.3299560546875,41101300
2019-07-10 13:30:00,298.3699951171875,299.6600036621094,297.7799987792969,298.6099853515625,269.6120910644531,58448500
2019-07-11 13:30:00,299.32000732421875,299.5799865722656,298.20001220703125,299.30999755859375,270.2441101074219,50826100
2019-07-12 13:30:00,299.8500061035156,300.7300109863281,299.510009765625,300.6499938964844,271.4539489746094,40326000
2019-07-15 13:30:00,301.1300048828125,301.1300048828125,300.19000244140625,300.75,271.54425048828125,33900000
2019-07-16 13:30:00,300.6499938964844,300.8800048828125,299.44000244140625,299.7799987792969,270.66845703125,36650100
2019-07-17 13:30:00,299.75,299.92999267578125,297.739990234375,297.739990234375,268.8265380859375,36036300
2019-07-18 13:30:00,297.19000244140625,299.25,296.70001220703125,298.8299865722656,269.8107604980469,51392600
2019-07-19 13:30:00,300.0400085449219,300.07000732421875,296.9800109863281,297.1700134277344,268.31182861328125,58678600
2019-07-22 13:30:00,297.6099853515625,298.5,297.0400085449219,297.8999938964844,268.970947265625,43638100
2019-07-23 13:30:00,299.1400146484375,300.0299987792969,298.2200012207031,300.0299987792969,270.8941650390625,44564500
2019-07-24 13:30:00,299.19000244140625,301.44000244140625,299.0899963378906,301.44000244140625,272.16729736328125,47213200
2019-07-25 13:30:00,300.94000244140625,301.0,299.1099853515625,300.0,270.8670959472656,55394100
2019-07-26 13:30:00,300.760009765625,302.2300109863281,300.6199951171875,302.010009765625,272.6818542480469,45084100
2019-07-29 13:30:00,301.8800048828125,302.010009765625,300.8500061035156,301.4599914550781,272.1853332519531,38126500
2019-07-30 13:30:00,299.9100036621094,301.1700134277344,299.489990234375,300.7200012207031,271.51715087890625,45849000
2019-07-31 13:30:00,300.989990234375,301.20001220703125,295.20001220703125,297.42999267578125,268.5466613769531,104245200
2019-08-01 13:30:00,297.6000061035156,300.8699951171875,293.9599914550781,294.8399963378906,266.2081604003906,142646600
2019-08-02 13:30:00,293.8500061035156,294.1199951171875,290.8999938964844,292.6199951171875,264.20367431640625,116749700
2019-08-05 13:30:00,288.0899963378906,288.2099914550781,281.7200012207031,283.82000732421875,256.25836181640625,178745400
2019-08-06 13:30:00,285.9100036621094,288.0400085449219,284.2799987792969,287.79998779296875,259.8517761230469,120711700
2019-08-07 13:30:00,284.3999938964844,288.82000732421875,282.0400085449219,287.9700012207031,260.0052795410156,140572300
2019-08-08 13:30:00,289.6199951171875,293.6199951171875,289.010009765625,293.6199951171875,265.1066589355469,87713900
2019-08-09 13:30:00,292.5799865722656,293.239990234375,289.6499938964844,291.6199951171875,263.30078125,93730000
2019-08-12 13:30:00,289.9599914550781,291.6099853515625,287.0199890136719,288.07000732421875,260.0955505371094,65527600
2019-08-13 13:30:00,287.739990234375,294.1499938964844,287.3599853515625,292.54998779296875,264.1404724121094,94299800
2019-08-14 13:30:00,288.07000732421875,288.739990234375,283.760009765625,283.8999938964844,256.33056640625,135622100
2019-08-15 13:30:00,284.8800048828125,285.6400146484375,282.3900146484375,284.6499938964844,257.0076904296875,99556600
2019-08-16 13:30:00,286.4800109863281,289.3299865722656,284.7099914550781,288.8500061035156,260.7997741699219,83018300
2019-08-19 13:30:00,292.19000244140625,293.0799865722656,291.44000244140625,292.3299865722656,263.94189453125,53571800
2019-08-20 13:30:00,291.7699890136719,292.3599853515625,289.95001220703125,290.0899963378906,261.9194030761719,51596400
2019-08-21 13:30:00,292.4800109863281,292.8599853515625,291.7200012207031,292.45001220703125,264.05023193359375,49524700
2019-08-22 13:30:00,293.2300109863281,293.92999267578125,290.3999938964844,292.3599853515625,263.9690246582031,51666400
2019-08-23 13:30:00,290.9200134277344,292.760009765625,283.4700012207031,284.8500061035156,257.1883239746094,149161500
2019-08-26 13:30:00,287.2699890136719,288.0,285.5799865722656,288.0,260.03240966796875,72423800
2019-08-27 13:30:00,289.5400085449219,289.95001220703125,286.0299987792969,286.8699951171875,259.0121765136719,66668900
2019-08-28 13:30:00,286.1400146484375,289.07000732421875,285.25,288.8900146484375,260.8359375,59696700
2019-08-29 13:30:00,291.7200012207031,293.1600036621094,290.6099853515625,292.5799865722656,264.1676025390625,57899400
2019-08-30 13:30:00,294.2200012207031,294.239990234375,291.4200134277344,292.45001220703125,264.05023193359375,62901200
2019-09-03 13:30:00,290.57000732421875,291.5799865722656,289.2699890136719,290.739990234375,262.50628662109375,69101400
2019-09-04 13:30:00,293.1400146484375,294.05999755859375,292.30999755859375,294.0400085449219,265.48583984375,46887300
2019-09-05 13:30:00,296.7900085449219,298.8299865722656,294.0,297.82000732421875,268.8987731933594,83258100
2019-09-06 13:30:00,298.1700134277344,298.760009765625,297.4200134277344,298.04998779296875,269.1064758300781,49584300
2019-09-09 13:30:00,299.1400146484375,299.239990234375,297.1600036621094,298.20001220703125,269.2419128417969,51260300
2019-09-10 13:30:00,297.3599853515625,298.20001220703125,295.9700012207031,298.1300048828125,269.17864990234375,57947100
2019-09-11 13:30:00,298.4700012207031,300.3399963378906,297.75,300.25,271.0927734375,68821100
2019-09-12 13:30:00,301.25,302.4599914550781,300.4100036621094,301.2900085449219,272.0318298339844,72908700
2019-09-13 13:30:00,301.7799987792969,302.1700134277344,300.67999267578125,301.0899963378906,271.8512268066406,62104800
2019-09-16 13:30:00,299.8399963378906,301.1400146484375,299.45001220703125,300.1600036621094,271.01153564453125,58191200
2019-09-17 13:30:00,299.94000244140625,301.0199890136719,299.75,300.9200134277344,271.69775390625,41475500
2019-09-18 13:30:00,300.489990234375,301.2200012207031,298.239990234375,301.1000061035156,271.86029052734375,73375800
2019-09-19 13:30:00,301.5299987792969,302.6300048828125,300.7099914550781,301.0799865722656,271.8421630859375,76560500
2019-09-20 13:30:00,300.3599853515625,300.6700134277344,297.4100036621094,298.2799987792969,270.55780029296875,89565000
2019-09-23 13:30:00,297.54998779296875,299.0,297.2699890136719,298.2099914550781,270.4942626953125,43476800
2019-09-24 13:30:00,299.4100036621094,299.8399963378906,294.80999755859375,295.8699951171875,268.3717346191406,94869400
2019-09-25 13:30:00,295.9599914550781,298.1099853515625,294.3299865722656,297.6199951171875,269.9590759277344,71854000
2019-09-26 13:30:00,297.6300048828125,297.8599853515625,295.45001220703125,297.0,269.3966979980469,56179700
2019-09-27 13:30:00,297.8299865722656,297.95001220703125,293.69000244140625,295.3999938964844,267.9454040527344,84746600
2019-09-30 13:30:00,295.9700012207031,297.54998779296875,295.9200134277344,296.7699890136719,269.1880798339844,51662400
2019-10-01 13:30:00,297.739990234375,298.4599914550781,293.0,293.239990234375,265.9862060546875,88242400
2019-10-02 13:30:00,291.5,291.510009765625,286.6400146484375,288.05999755859375,261.2876892089844,122539500
2019-10-03 13:30:00,287.80999755859375,290.45001220703125,284.82000732421875,290.4200134277344,263.4283447265625,85278800
2019-10-04 13:30:00,291.1400146484375,294.6300048828125,291.0799865722656,294.3500061035156,266.9930725097656,65091200
2019-10-07 13:30:00,293.4700012207031,295.260009765625,292.7699890136719,293.0799865722656,265.8410949707031,59610500
2019-10-08 13:30:00,291.0400085449219,291.8500061035156,288.489990234375,288.5299987792969,261.7140197753906,95708100
2019-10-09 13:30:00,290.75,292.29998779296875,290.05999755859375,291.2699890136719,264.19927978515625,62359400
2019-10-10 13:30:00,291.17999267578125,294.2099914550781,291.0,293.239990234375,265.9862060546875,55296300
2019-10-11 13:30:00,296.2699890136719,298.739990234375,296.1400146484375,296.2799987792969,268.74365234375,98720400
2019-10-14 13:30:00,295.92999267578125,296.6700134277344,295.57000732421875,295.95001220703125,268.44439697265625,40394800
2019-10-15 13:30:00,297.1000061035156,299.70001220703125,296.9700012207031,298.8800048828125,271.10205078125,46754500
2019-10-16 13:30:00,298.3699951171875,299.1600036621094,297.9200134277344,298.3999938964844,270.6666259765625,48928200
2019-10-17 13:30:00,299.67999267578125,300.239990234375,298.5199890136719,299.2799987792969,271.4648742675781,45736600
2019-10-18 13:30:00,298.69000244140625,299.3999938964844,297.0299987792969,297.9700012207031,270.276611328125,64304000
2019-10-21 13:30:00,299.4200134277344,300.2099914550781,298.94000244140625,299.989990234375,272.1087951660156,39048600
2019-10-22 13:30:00,300.5799865722656,300.8999938964844,298.9100036621094,299.010009765625,271.2200012207031,48594700
2019-10-23 13:30:00,298.7300109863281,299.94000244140625,298.5,299.8800048828125,272.0090637207031,34352200
2019-10-24 13:30:00,300.9100036621094,301.07000732421875,299.4599914550781,300.3699951171875,272.4535217285156,35453100
2019-10-25 13:30:00,299.739990234375,302.20001220703125,299.67999267578125,301.6000061035156,273.5692443847656,45205400
2019-10-28 13:30:00,302.94000244140625,303.8500061035156,302.9100036621094,303.29998779296875,275.1112365722656,42147000
2019-10-29 13:30:00,303.0,304.2300109863281,302.8599853515625,303.2099914550781,275.0295715332031,44284900
2019-10-30 13:30:00,303.42999267578125,304.54998779296875,301.989990234375,304.1400146484375,275.8731384277344,49643900
2019-10-31 13:30:00,304.1300048828125,304.1300048828125,301.7300109863281,303.3299865722656,275.13848876953125,69053800
2019-11-01 13:30:00,304.9200134277344,306.19000244140625,304.739990234375,306.1400146484375,277.6872863769531,71141500
2019-11-04 14:30:00,307.8500061035156,308.0,306.9599914550781,307.3699951171875,278.80291748046875,60606900
2019-11-05 14:30:00,307.5899963378906,307.9200134277344,306.7099914550781,307.0299987792969,278.4945983886719,42933200
2019-11-06 14:30:00,307.0299987792969,307.3999938964844,306.05999755859375,307.1000061035156,278.55804443359375,46487100
2019-11-07 14:30:00,308.57000732421875,309.6499938964844,307.6600036621094,308.17999267578125,279.53765869140625,54272300
2019-11-08 14:30:00,307.79998779296875,309.0,307.0299987792969,308.94000244140625,280.22711181640625,49032100
2019-11-11 14:30:00,307.4200134277344,308.5400085449219,307.2699890136719,308.3500061035156,279.69195556640625,35797300
2019-11-12 14:30:00,308.75,309.989990234375,308.1499938964844,309.0,280.281494140625,46484600
2019-11-13 14:30:00,307.9100036621094,309.5400085449219,307.6600036621094,309.1000061035156,280.37213134765625,53917700
2019-11-14 14:30:00,308.7900085449219,309.6400146484375,308.0899963378906,309.54998779296875,280.7804260253906,51219900
2019-11-15 14:30:00,311.0199890136719,311.8399963378906,310.260009765625,311.7900085449219,282.8121643066406,62023600
2019-11-18 14:30:00,311.5299987792969,312.2799987792969,311.0299987792969,312.0199890136719,283.020751953125,49228000
2019-11-19 14:30:00,312.67999267578125,312.69000244140625,311.2200012207031,311.92999267578125,282.9391784667969,67804700
2019-11-20 14:30:00,311.2799987792969,311.8500061035156,309.05999755859375,310.7699890136719,281.8869323730469,79406200
2019-11-21 14:30:00,310.8900146484375,311.010009765625,309.3900146484375,310.2699890136719,281.4334411621094,54664700
2019-11-22 14:30:00,311.0899963378906,311.239990234375,309.8500061035156,310.9599914550781,282.0592956542969,44850200
2019-11-25 14:30:00,311.9800109863281,313.3699951171875,311.9800109863281,313.3699951171875,284.24530029296875,48647200
2019-11-26 14:30:00,313.4100036621094,314.2799987792969,313.05999755859375,314.0799865722656,284.8893127441406,37569000
2019-11-27 14:30:00,314.6099853515625,315.4800109863281,314.3699951171875,315.4800109863281,286.1592102050781,44444600
2019-11-29 14:30:00,314.8599853515625,315.1300048828125,314.05999755859375,314.30999755859375,285.0979309082031,36592700
2019-12-02 14:30:00,314.5899963378906,314.6600036621094,311.1700134277344,311.6400146484375,282.6761474609375,75767800
2019-12-03 14:30:00,308.6499938964844,309.6400146484375,307.1300048828125,309.54998779296875,280.7804260253906,73941700
2019-12-04 14:30:00,310.70001220703125,312.1199951171875,310.32000732421875,311.4599914550781,282.5128173828125,49080000
2019-12-05 14:30:00,312.2300109863281,312.25,310.5799865722656,312.0199890136719,283.020751953125,40709000
2019-12-06 14:30:00,314.1199951171875,315.30999755859375,314.1099853515625,314.8699951171875,285.60589599609375,48927000
2019-12-09 14:30:00,314.44000244140625,315.17999267578125,313.79998779296875,313.8800048828125,284.7079162597656,34838500
2019-12-10 14:30:00,313.82000732421875,314.54998779296875,312.80999755859375,313.5299987792969,284.3903503417969,52649800
2019-12-11 14:30:00,314.0299987792969,314.70001220703125,313.44000244140625,314.4200134277344,285.1977844238281,53429100
2019-12-12 14:30:00,314.42999267578125,317.989990234375,314.1700134277344,317.1300048828125,287.65582275390625,96389600
2019-12-13 14:30:00,316.8699951171875,318.6700134277344,316.0199890136719,317.32000732421875,287.8282165527344,81503900
2019-12-16 14:30:00,319.2200012207031,320.1499938964844,317.25,319.5,289.8056335449219,82749700
2019-12-17 14:30:00,319.9200134277344,320.25,319.4800109863281,319.57000732421875,289.86907958984375,61097700
2019-12-18 14:30:00,320.0,320.25,319.5299987792969,319.5899963378906,289.8871765136719,48133000
2019-12-19 14:30:00,319.79998779296875,320.9800109863281,319.5199890136719,320.8999938964844,291.0754699707031,85310500
2019-12-20 14:30:00,320.4599914550781,321.9700012207031,319.3900146484375,320.7300109863281,292.3515930175781,147142100
2019-12-23 14:30:00,321.5899963378906,321.6499938964844,321.05999755859375,321.2200012207031,292.7982177734375,52990000
2019-12-24 14:30:00,321.4700012207031,321.5199890136719,320.8999938964844,321.2300109863281,292.807373046875,20270000
2019-12-26 14:30:00,321.6499938964844,322.95001220703125,321.6400146484375,322.94000244140625,294.36602783203125,30911200
2019-12-27 14:30:00,323.739990234375,323.79998779296875,322.2799987792969,322.8599853515625,294.2930908203125,42528800
2019-12-30 14:30:00,322.95001220703125,323.1000061035156,320.54998779296875,321.0799865722656,292.67059326171875,49729100
2019-12-31 14:30:00,320.5299987792969,322.1300048828125,320.1499938964844,321.8599853515625,293.3816223144531,57077300
2020-01-02 14:30:00,323.5400085449219,324.8900146484375,322.5299987792969,324.8699951171875,296.1252746582031,59151200
2020-01-03 14:30:00,321.1600036621094,323.6400146484375,321.1000061035156,322.4100036621094,293.8830261230469,77709700
2020-01-06 14:30:00,320.489990234375,323.7300109863281,320.3599853515625,323.6400146484375,295.0041198730469,55653900
2020-01-07 14:30:00,323.0199890136719,323.5400085449219,322.239990234375,322.7300109863281,294.1746520996094,40496400
2020-01-08 14:30:00,322.94000244140625,325.7799987792969,322.6700134277344,324.45001220703125,295.7424011230469,68296000
2020-01-09 14:30:00,326.1600036621094,326.7300109863281,325.5199890136719,326.6499938964844,297.7477722167969,48473300
2020-01-10 14:30:00,327.2900085449219,327.4599914550781,325.20001220703125,325.7099914550781,296.8908996582031,53029300
2020-01-13 14:30:00,326.3900146484375,327.9599914550781,325.9200134277344,327.95001220703125,298.9327392578125,47086800
2020-01-14 14:30:00,327.4700012207031,328.6199951171875,326.8399963378906,327.45001220703125,298.47705078125,62832800
2020-01-15 14:30:00,327.3500061035156,329.0199890136719,327.260009765625,328.19000244140625,299.1514892578125,72056600
2020-01-16 14:30:00,329.70001220703125,330.9200134277344,329.45001220703125,330.9200134277344,301.6399841308594,54050300
2020-01-17 14:30:00,331.70001220703125,332.17999267578125,330.8500061035156,331.95001220703125,302.5788269042969,95846000
2020-01-21 14:30:00,330.8999938964844,332.17999267578125,330.82000732421875,331.29998779296875,301.9862976074219,77742400
2020-01-22 14:30:00,332.239990234375,332.95001220703125,331.1700134277344,331.3399963378906,302.0227966308594,48914900
2020-01-23 14:30:00,330.6300048828125,332.1700134277344,329.4100036621094,331.7200012207031,302.3691711425781,51963000
2020-01-24 14:30:00,332.44000244140625,332.5299987792969,327.3599853515625,328.7699890136719,299.68023681640625,87578400
2020-01-27 14:30:00,323.0299987792969,325.1199951171875,322.6600036621094,323.5,294.8764953613281,84062500
2020-01-28 14:30:00,325.05999755859375,327.8500061035156,323.6000061035156,326.8900146484375,297.9666442871094,63834000
2020-01-29 14:30:00,328.3800048828125,328.6300048828125,326.3999938964844,326.6199951171875,297.72039794921875,53888900
2020-01-30 14:30:00,324.3599853515625,327.9100036621094,323.5400085449219,327.67999267578125,298.6866455078125,75491800
2020-01-31 14:30:00,327.0,327.1700134277344,320.7300109863281,321.7300109863281,293.2631530761719,113845600
2020-02-03 14:30:00,323.3500061035156,326.1600036621094,323.2200012207031,324.1199951171875,295.4416198730469,69083000
2020-02-04 14:30:00,328.07000732421875,330.010009765625,327.7200012207031,329.05999755859375,299.944580078125,62573200
2020-02-05 14:30:00,332.2699890136719,333.0899963378906,330.6700134277344,332.8599853515625,303.4082946777344,65951100
2020-02-06 14:30:00,333.9100036621094,334.19000244140625,332.79998779296875,333.9800109863281,304.4291687011719,50359700
2020-02-07 14:30:00,332.82000732421875,333.989990234375,331.6000061035156,332.20001220703125,302.8067626953125,64139400
2020-02-10 14:30:00,331.2300109863281,334.75,331.19000244140625,334.67999267578125,305.0672912597656,42070000
2020-02-11 14:30:00,336.1600036621094,337.0199890136719,334.67999267578125,335.260009765625,305.5960388183594,54864500
2020-02-12 14:30:00,336.8299865722656,337.6499938964844,336.42999267578125,337.4200134277344,307.5648498535156,43992700
2020-02-13 14:30:00,335.8599853515625,338.1199951171875,335.55999755859375,337.05999755859375,307.2367858886719,54501900
2020-02-14 14:30:00,337.510009765625,337.7300109863281,336.20001220703125,337.6000061035156,307.72894287109375,64582200
2020-02-18 14:30:00,336.510009765625,337.6700134277344,335.2099914550781,336.7300109863281,306.9359130859375,57226200
2020-02-19 14:30:00,337.7900085449219,339.0799865722656,337.4800109863281,338.3399963378906,308.4034423828125,48814700
2020-02-20 14:30:00,337.739990234375,338.6400146484375,333.67999267578125,336.95001220703125,307.1364440917969,74163400
2020-02-21 14:30:00,335.4700012207031,335.80999755859375,332.5799865722656,333.4800109863281,303.9735412597656,113788200
2020-02-24 14:30:00,323.1400146484375,333.55999755859375,321.239990234375,322.4200134277344,293.8920593261719,161088400
2020-02-25 14:30:00,323.94000244140625,324.6099853515625,311.69000244140625,312.6499938964844,284.9865417480469,218913200
2020-02-26 14:30:00,314.17999267578125,318.1099853515625,310.70001220703125,311.5,283.93829345703125,194773800
2020-02-27 14:30:00,305.4599914550781,311.55999755859375,297.510009765625,297.510009765625,271.1861572265625,284353500
2020-02-28 14:30:00,288.70001220703125,297.8900146484375,285.5400085449219,296.260009765625,270.04669189453125,384975800
2020-03-02 14:30:00,298.2099914550781,309.1600036621094,294.4599914550781,309.0899963378906,281.7415466308594,238703600
2020-03-03 14:30:00,309.5,313.8399963378906,297.57000732421875,300.239990234375,273.6745910644531,300139100
2020-03-04 14:30:00,306.1199951171875,313.1000061035156,303.3299865722656,312.8599853515625,285.17791748046875,176613400
2020-03-05 14:30:00,304.9800109863281,308.4700012207031,300.010009765625,302.4599914550781,275.69805908203125,186366800
2020-03-06 14:30:00,293.1499938964844,298.7799987792969,290.2300109863281,297.4599914550781,271.1404724121094,228667200
2020-03-09 13:30:00,275.29998779296875,284.19000244140625,273.45001220703125,274.2300109863281,249.96592712402344,309417300
2020-03-10 13:30:00,284.6400146484375,288.5199890136719,273.5,288.4200134277344,262.90045166015625,276444100
2020-03-11 13:30:00,280.70001220703125,281.94000244140625,270.8800048828125,274.3599853515625,250.0844268798828,255316300
2020-03-12 13:30:00,256.0,266.6600036621094,247.67999267578125,248.11000061035156,226.15707397460935,392220700
2020-03-13 13:30:00,263.0899963378906,271.4800109863281,248.52000427246097,269.32000732421875,245.49041748046875,329566100
2020-03-16 13:30:00,241.17999267578125,256.8999938964844,237.36000061035156,239.8500061035156,218.62789916992188,297240000
2020-03-17 13:30:00,245.0399932861328,256.1700134277344,237.07000732421875,252.8000030517578,230.43209838867188,262070500
2020-03-18 13:30:00,236.25,248.3699951171875,228.02000427246097,240.0,218.76461791992188,327597100
2020-03-19 13:30:00,239.25,247.3800048828125,232.22000122070312,240.5099945068359,219.22950744628903,289322000
2020-03-20 13:30:00,242.52999877929688,244.47000122070312,228.5,228.8000030517578,209.78201293945312,347158800
2020-03-23 13:30:00,228.19000244140625,229.67999267578125,218.2599945068359,222.9499969482422,204.4182281494141,326025200
2020-03-24 13:30:00,234.4199981689453,244.1000061035156,233.8000030517578,243.1499938964844,222.9391937255859,235494500
2020-03-25 13:30:00,244.8699951171875,256.3500061035156,239.75,246.7899932861328,226.27664184570312,299430300
2020-03-26 13:30:00,249.52000427246097,262.79998779296875,249.0500030517578,261.20001220703125,239.48887634277344,257632800
2020-03-27 13:30:00,253.27000427246097,260.80999755859375,251.0500030517578,253.4199981689453,232.35552978515625,224341200
2020-03-30 13:30:00,255.6999969482422,262.42999267578125,253.52999877929688,261.6499938964844,239.90147399902344,171369500
2020-03-31 13:30:00,260.55999755859375,263.3299865722656,256.2200012207031,257.75,236.32568359375,194881100
2020-04-01 13:30:00,247.97999572753903,257.6600036621094,243.8999938964844,246.1499938964844,225.68980407714844,189554600
2020-04-02 13:30:00,245.19000244140625,252.67999267578125,244.58999633789065,251.8300018310547,230.8977203369141,177660400
2020-04-03 13:30:00,250.7599945068359,253.32000732421875,245.22000122070312,248.19000244140625,227.560302734375,135561200
2020-04-06 13:30:00,257.8399963378906,267.0,248.1699981689453,264.8599853515625,242.8446502685547,188061200
2020-04-07 13:30:00,274.2099914550781,275.0299987792969,264.8900146484375,265.1300048828125,243.09225463867188,201427200
2020-04-08 13:30:00,267.9599914550781,276.0,265.25,274.0299987792969,251.25241088867188,153774500
2020-04-09 13:30:00,277.5799865722656,281.20001220703125,275.4700012207031,278.20001220703125,255.0758514404297,189999200
2020-04-13 13:30:00,277.1400146484375,277.510009765625,271.4100036621094,275.6600036621094,252.74696350097656,114839100
2020-04-14 13:30:00,280.9800109863281,284.8999938964844,275.510009765625,283.7900085449219,260.2011413574219,134143400
2020-04-15 13:30:00,277.57000732421875,283.94000244140625,275.4599914550781,277.760009765625,254.6724548339844,121775000
2020-04-16 13:30:00,279.1499938964844,280.0299987792969,275.760009765625,279.1000061035156,255.90101623535156,131798300
2020-04-17 13:30:00,285.3800048828125,287.29998779296875,282.3999938964844,286.6400146484375,262.8143310546875,146684800
2020-04-20 13:30:00,282.6099853515625,286.7900085449219,281.3500061035156,281.5899963378906,258.18402099609375,100109300
2020-04-21 13:30:00,276.7300109863281,278.0400085449219,272.0199890136719,273.0400085449219,250.34471130371097,126385700
2020-04-22 13:30:00,278.3500061035156,281.0,276.9100036621094,279.1000061035156,255.90101623535156,92951600
2020-04-23 13:30:00,280.489990234375,283.94000244140625,278.75,279.0799865722656,255.88265991210935,104709700
2020-04-24 13:30:00,280.7300109863281,283.70001220703125,278.5,282.9700012207031,259.4493103027344,85063200
2020-04-27 13:30:00,285.1199951171875,288.2699890136719,284.6199951171875,287.04998779296875,263.1902160644531,77896600
2020-04-28 13:30:00,291.0199890136719,291.3999938964844,285.3999938964844,285.7300109863281,261.97998046875,105270000
2020-04-29 13:30:00,291.5299987792969,294.8800048828125,290.4100036621094,293.2099914550781,268.8381652832031,118745600
2020-04-30 13:30:00,291.7099914550781,293.32000732421875,288.5899963378906,290.4800109863281,266.3351135253906,122901700
2020-05-01 13:30:00,285.30999755859375,290.6600036621094,281.5199890136719,282.7900085449219,259.2843322753906,125180000
2020-05-04 13:30:00,280.739990234375,283.8999938964844,279.1300048828125,283.57000732421875,259.99951171875,80873200
2020-05-05 13:30:00,286.6400146484375,289.25,283.7099914550781,286.19000244140625,262.401611328125,79569900
2020-05-06 13:30:00,288.0400085449219,288.4599914550781,283.7799987792969,284.25,260.62298583984375,73632600
2020-05-07 13:30:00,287.75,289.7799987792969,287.1300048828125,287.67999267578125,263.7678527832031,75250400
2020-05-08 13:30:00,291.0899963378906,292.95001220703125,289.8599853515625,292.44000244140625,268.1322326660156,76452400
2020-05-11 13:30:00,290.3399963378906,294.0,289.8800048828125,292.5,268.187255859375,79514200
2020-05-12 13:30:00,293.7900085449219,294.239990234375,286.5199890136719,286.6700134277344,262.8418273925781,95870800
2020-05-13 13:30:00,286.05999755859375,287.19000244140625,278.9599914550781,281.6000061035156,258.1932373046875,144721100
2020-05-14 13:30:00,278.95001220703125,285.1099853515625,272.989990234375,284.9700012207031,261.2830505371094,121977900
2020-05-15 13:30:00,282.3699951171875,286.3299865722656,281.3399963378906,286.2799987792969,262.48419189453125,111146300
2020-05-18 13:30:00,293.04998779296875,296.75,292.70001220703125,295.0,270.4794921875,119703800
2020-05-19 13:30:00,294.3500061035156,296.2099914550781,291.95001220703125,291.9700012207031,267.7012634277344,95189300
2020-05-20 13:30:00,295.82000732421875,297.8699951171875,295.57000732421875,296.92999267578125,272.2489013671875,85861700
2020-05-21 13:30:00,296.7900085449219,297.6700134277344,293.69000244140625,294.8800048828125,270.36932373046875,78293900
2020-05-22 13:30:00,294.57000732421875,295.6300048828125,293.2200012207031,295.44000244140625,270.8829345703125,63958200
2020-05-26 13:30:00,301.92999267578125,302.19000244140625,295.4599914550781,299.0799865722656,274.2202453613281,88951400
2020-05-27 13:30:00,302.1199951171875,303.57000732421875,296.8699951171875,303.5299987792969,278.3003845214844,104817400
2020-05-28 13:30:00,304.6499938964844,306.8399963378906,302.239990234375,302.9700012207031,277.7868957519531,90405200
2020-05-29 13:30:00,302.4599914550781,304.9599914550781,299.4700012207031,304.32000732421875,279.0247802734375,119090800
2020-06-01 13:30:00,303.6199951171875,306.2099914550781,303.05999755859375,305.54998779296875,280.1524658203125,55758300
2020-06-02 13:30:00,306.54998779296875,308.1300048828125,305.1000061035156,308.0799865722656,282.4721984863281,74267200
2020-06-03 13:30:00,310.239990234375,313.2200012207031,309.94000244140625,312.17999267578125,286.2313232421875,92567600
2020-06-04 13:30:00,311.1099853515625,313.0,309.0799865722656,311.3599853515625,285.4795227050781,75794400
2020-06-05 13:30:00,317.2300109863281,321.2699890136719,317.1600036621094,319.3399963378906,292.7962341308594,150524700
2020-06-08 13:30:00,320.2200012207031,323.4100036621094,319.6300048828125,323.20001220703125,296.3354187011719,73641200
2020-06-09 13:30:00,320.29998779296875,323.2799987792969,319.3599853515625,320.7900085449219,294.1257019042969,77479200
2020-06-10 13:30:00,321.4200134277344,322.3900146484375,318.2200012207031,319.0,292.4844970703125,95000800
2020-06-11 13:30:00,311.4599914550781,312.1499938964844,300.010009765625,300.6099853515625,275.623046875,209243600
2020-06-12 13:30:00,308.239990234375,309.0799865722656,298.6000061035156,304.2099914550781,278.9239196777344,194678900
2020-06-15 13:30:00,298.0199890136719,308.2799987792969,296.739990234375,307.04998779296875,281.5278015136719,135782700
2020-06-16 13:30:00,315.4800109863281,315.6400146484375,307.6700134277344,312.9599914550781,286.9465637207031,137627500
2020-06-17 13:30:00,314.07000732421875,314.3900146484375,310.8599853515625,311.6600036621094,285.7545471191406,83398900
2020-06-18 13:30:00,310.010009765625,312.29998779296875,309.510009765625,311.7799987792969,285.8647155761719,80828700
2020-06-19 13:30:00,314.1700134277344,314.3800048828125,306.5299987792969,308.6400146484375,284.2309265136719,135549600
2020-06-22 13:30:00,307.989990234375,311.04998779296875,306.75,310.6199951171875,286.05438232421875,74649400
2020-06-23 13:30:00,313.489990234375,314.5,311.6099853515625,312.04998779296875,287.3712463378906,68471200
2020-06-24 13:30:00,309.8399963378906,310.510009765625,302.1000061035156,304.0899963378906,280.0407409667969,132813500
2020-06-25 13:30:00,303.4700012207031,307.6400146484375,301.2799987792969,307.3500061035156,283.0429992675781,89468000
2020-06-26 13:30:00,306.1600036621094,306.3900146484375,299.4200134277344,300.04998779296875,276.32025146484375,127961000
2020-06-29 13:30:00,301.4100036621094,304.6099853515625,298.92999267578125,304.4599914550781,280.3814697265625,79773300
2020-06-30 13:30:00,303.989990234375,310.20001220703125,303.82000732421875,308.3599853515625,283.97308349609375,113394800
2020-07-01 13:30:00,309.57000732421875,311.8900146484375,309.07000732421875,310.5199890136719,285.9622802734375,72396500
2020-07-02 13:30:00,314.239990234375,315.70001220703125,311.510009765625,312.2300109863281,287.5370178222656,69344200
2020-07-06 13:30:00,316.3699951171875,317.67999267578125,315.55999755859375,317.04998779296875,291.975830078125,61713800
2020-07-07 13:30:00,315.3800048828125,317.5199890136719,313.3699951171875,313.7799987792969,288.96441650390625,82910000
2020-07-08 13:30:00,314.6099853515625,316.29998779296875,312.70001220703125,316.17999267578125,291.1746520996094,54638600
2020-07-09 13:30:00,316.8399963378906,317.1000061035156,310.67999267578125,314.3800048828125,289.5169982910156,83354200
2020-07-10 13:30:00,314.30999755859375,317.8800048828125,312.760009765625,317.5899963378906,292.47308349609375,57550400
2020-07-13 13:30:00,320.1300048828125,322.7099914550781,314.1300048828125,314.8399963378906,289.9405822753906,102997500
2020-07-14 13:30:00,313.29998779296875,319.760009765625,312.0,318.9200134277344,293.6979675292969,93657000
2020-07-15 13:30:00,322.4100036621094,323.0400085449219,319.2699890136719,321.8500061035156,296.3962707519531,87196500
2020-07-16 13:30:00,319.7900085449219,321.2799987792969,319.0899963378906,320.7900085449219,295.4200134277344,54622500
2020-07-17 13:30:00,321.8800048828125,322.57000732421875,319.739990234375,321.7200012207031,296.2764892578125,62774900
2020-07-20 13:30:00,321.42999267578125,325.1300048828125,320.6199951171875,324.32000732421875,298.6708679199219,56308800
2020-07-21 13:30:00,326.45001220703125,326.92999267578125,323.94000244140625,325.010009765625,299.30633544921875,57292200
2020-07-22 13:30:00,324.6199951171875,327.20001220703125,324.5,326.8599853515625,301.010009765625,57792900
2020-07-23 13:30:00,326.4700012207031,327.2300109863281,321.4800109863281,322.9599914550781,297.4184265136719,75738000
2020-07-24 13:30:00,320.95001220703125,321.989990234375,319.25,320.8800048828125,295.5029296875,73766600
2020-07-27 13:30:00,321.6300048828125,323.4100036621094,320.7699890136719,323.2200012207031,297.6578369140625,48293000
2020-07-28 13:30:00,322.42999267578125,323.6400146484375,320.8500061035156,321.1700134277344,295.7700500488281,57495000
2020-07-29 13:30:00,322.1199951171875,325.7300109863281,322.0799865722656,325.1199951171875,299.4075927734375,48454200
2020-07-30 13:30:00,321.8999938964844,324.4100036621094,319.6400146484375,323.9599914550781,298.3393249511719,61861700
2020-07-31 13:30:00,325.8999938964844,326.6300048828125,321.3299865722656,326.5199890136719,300.6968688964844,84986800
2020-08-03 13:30:00,328.32000732421875,329.6199951171875,327.7300109863281,328.7900085449219,302.7873229980469,53077900
2020-08-04 13:30:00,327.8599853515625,330.05999755859375,327.8599853515625,330.05999755859375,303.9569091796875,41917900
2020-08-05 13:30:00,331.4700012207031,332.3900146484375,331.17999267578125,332.1099853515625,305.8447570800781,42697700
2020-08-06 13:30:00,331.4800109863281,334.4599914550781,331.1300048828125,334.3299865722656,307.8891906738281,43679400
2020-08-07 13:30:00,333.2799987792969,334.8800048828125,332.29998779296875,334.57000732421875,308.11029052734375,57308300
2020-08-10 13:30:00,335.05999755859375,335.7699890136719,332.9599914550781,335.57000732421875,309.03118896484375,44282100
2020-08-11 13:30:00,336.8500061035156,337.5400085449219,332.010009765625,332.79998779296875,306.480224609375,69601100
2020-08-12 13:30:00,335.44000244140625,338.2799987792969,335.4100036621094,337.44000244140625,310.7533264160156,53774400
2020-08-13 13:30:00,336.6099853515625,338.25,335.8299865722656,336.8299865722656,310.1914978027344,41816100
2020-08-14 13:30:00,336.4100036621094,337.4200134277344,335.6199951171875,336.8399963378906,310.2007141113281,47260400
2020-08-17 13:30:00,337.94000244140625,338.3399963378906,336.8500061035156,337.9100036621094,311.1861572265625,35481000
2020-08-18 13:30:00,338.3399963378906,339.1000061035156,336.6099853515625,338.6400146484375,311.8583679199219,38733900
2020-08-19 13:30:00,339.04998779296875,339.6099853515625,336.6199951171875,337.2300109863281,310.5599365234375,68054200
2020-08-20 13:30:00,335.3599853515625,338.79998779296875,335.2200012207031,338.2799987792969,311.52691650390625,42207800
2020-08-21 13:30:00,337.9200134277344,339.7200012207031,337.54998779296875,339.4800109863281,312.6319580078125,55106600
2020-08-24 13:30:00,342.1199951171875,343.0,339.45001220703125,342.9200134277344,315.7999267578125,48588700
2020-08-25 13:30:00,343.5299987792969,344.2099914550781,342.2699890136719,344.1199951171875,316.90484619140625,38463400
2020-08-26 13:30:00,344.760009765625,347.8599853515625,344.1700134277344,347.57000732421875,320.0821533203125,50790200
2020-08-27 13:30:00,348.510009765625,349.8999938964844,346.5299987792969,348.3299865722656,320.7820739746094,58034100
2020-08-28 13:30:00,349.44000244140625,350.7200012207031,348.1499938964844,350.5799865722656,322.8540954589844,48588900
2020-08-31 13:30:00,350.3500061035156,351.29998779296875,349.05999755859375,349.30999755859375,321.68450927734375,66099200
2020-09-01 13:30:00,350.2099914550781,352.7099914550781,349.239990234375,352.6000061035156,324.71435546875,54908700
2020-09-02 13:30:00,354.6700134277344,358.75,353.42999267578125,357.70001220703125,329.4110412597656,69540000
2020-09-03 13:30:00,355.8699951171875,356.3800048828125,342.5899963378906,345.3900146484375,318.0744934082031,148011100
2020-09-04 13:30:00,346.1300048828125,347.8299865722656,334.8699951171875,342.57000732421875,315.4775390625,139156300
2020-09-08 13:30:00,336.7099914550781,342.6400146484375,332.8800048828125,333.2099914550781,306.8577880859375,114465300
2020-09-09 13:30:00,337.54998779296875,342.4599914550781,336.6099853515625,339.7900085449219,312.91748046875,91462300
2020-09-10 13:30:00,341.82000732421875,342.5299987792969,332.8500061035156,333.8900146484375,307.4841003417969,90569500
2020-09-11 13:30:00,335.82000732421875,336.9700012207031,331.0,334.05999755859375,307.640625,84680200
2020-09-14 13:30:00,337.489990234375,340.3800048828125,334.2200012207031,338.4599914550781,311.6926574707031,65605700
2020-09-15 13:30:00,341.1199951171875,342.0199890136719,338.4700012207031,340.1700134277344,313.2673645019531,52920900
2020-09-16 13:30:00,341.510009765625,343.05999755859375,338.5199890136719,338.82000732421875,312.0241394042969,82096000
2020-09-17 13:30:00,333.55999755859375,337.70001220703125,332.989990234375,335.8399963378906,309.27978515625,91523300
2020-09-18 13:30:00,335.3699951171875,335.489990234375,327.9700012207031,330.6499938964844,305.7191162109375,105877900
2020-09-21 13:30:00,325.70001220703125,327.1300048828125,321.7300109863281,326.9700012207031,302.316650390625,99450800
2020-09-22 13:30:00,328.57000732421875,330.8999938964844,325.8599853515625,330.29998779296875,305.39556884765625,63612100
2020-09-23 13:30:00,330.8999938964844,331.20001220703125,322.1000061035156,322.6400146484375,298.3131408691406,93112200
2020-09-24 13:30:00,321.2200012207031,326.79998779296875,319.79998779296875,323.5,299.1082458496094,76681300
2020-09-25 13:30:00,322.5799865722656,329.5799865722656,321.6400146484375,328.7300109863281,303.9439697265625,71069400
2020-09-28 13:30:00,333.2200012207031,334.9599914550781,332.1499938964844,334.19000244140625,308.9922180175781,64584600
2020-09-29 13:30:00,333.9700012207031,334.7699890136719,331.6199951171875,332.3699951171875,307.3096008300781,51304000
2020-09-30 13:30:00,333.0899963378906,338.2900085449219,332.8800048828125,334.8900146484375,309.6394958496094,104081100
2020-10-01 13:30:00,337.69000244140625,338.739990234375,335.010009765625,337.0400085449219,311.62738037109375,88698700
2020-10-02 13:30:00,331.70001220703125,337.010009765625,331.19000244140625,333.8399963378906,308.66864013671875,89431100
2020-10-05 13:30:00,336.05999755859375,339.9599914550781,336.010009765625,339.760009765625,314.14227294921875,45713100
2020-10-06 13:30:00,339.9100036621094,342.1700134277344,334.3800048828125,334.92999267578125,309.67645263671875,90128900
2020-10-07 13:30:00,338.1199951171875,341.6300048828125,338.0899963378906,340.760009765625,315.06683349609375,56999600
2020-10-08 13:30:00,342.8500061035156,343.8500061035156,341.8599853515625,343.7799987792969,317.8592529296875,45242500
2020-10-09 13:30:00,345.55999755859375,347.3500061035156,344.8900146484375,346.8500061035156,320.6977233886719,59528600
2020-10-12 13:30:00,349.5899963378906,354.0199890136719,349.05999755859375,352.42999267578125,325.8569641113281,80388500
2020-10-13 13:30:00,352.2799987792969,352.4700012207031,349.0899963378906,350.1300048828125,323.7303466796875,73255500
2020-10-14 13:30:00,350.75,351.92999267578125,347.1400146484375,347.92999267578125,321.6961975097656,57727900
2020-10-15 13:30:00,343.7099914550781,348.0199890136719,343.1300048828125,347.5,321.29864501953125,60357700
2020-10-16 13:30:00,348.9599914550781,350.75,347.1000061035156,347.2900085449219,321.1046142578125,89501900
2020-10-19 13:30:00,348.6499938964844,349.3299865722656,341.0400085449219,342.010009765625,316.2226257324219,68425600
2020-10-20 13:30:00,343.4599914550781,346.8800048828125,342.6400146484375,343.3800048828125,317.4892883300781,60051900
2020-10-21 13:30:00,343.3299865722656,345.6700134277344,342.3999938964844,342.7300109863281,316.88836669921875,63575000
2020-10-22 13:30:00,342.9599914550781,345.239990234375,340.6499938964844,344.6099853515625,318.62664794921875,55399300
2020-10-23 13:30:00,345.92999267578125,345.989990234375,343.1300048828125,345.7799987792969,319.7083435058594,49143900
2020-10-26 13:30:00,342.1300048828125,342.9800109863281,335.6199951171875,339.3900146484375,313.80010986328125,91473000
2020-10-27 13:30:00,339.760009765625,340.1199951171875,337.989990234375,338.2200012207031,312.7183837890625,65994100
2020-10-28 13:30:00,332.1000061035156,338.25,326.1300048828125,326.6600036621094,302.0299377441406,127094300
2020-10-29 13:30:00,326.9100036621094,333.3999938964844,325.0899963378906,329.9800109863281,305.09967041015625,90597700
2020-10-30 13:30:00,328.2799987792969,329.69000244140625,322.6000061035156,326.5400085449219,301.9190368652344,120287300
2020-11-02 14:30:00,330.20001220703125,332.3599853515625,327.239990234375,330.20001220703125,305.3031311035156,86068300
2020-11-03 14:30:00,333.69000244140625,338.25,330.2900085449219,336.0299987792969,310.6935119628906,93294200
2020-11-04 14:30:00,340.8599853515625,347.94000244140625,339.5899963378906,343.5400085449219,317.6372375488281,126959700
2020-11-05 14:30:00,349.239990234375,352.19000244140625,348.8599853515625,350.239990234375,323.83209228515625,82039700
2020-11-06 14:30:00,349.92999267578125,351.510009765625,347.6499938964844,350.1600036621094,323.75811767578125,74973000
2020-11-09 14:30:00,363.9700012207031,364.3800048828125,354.05999755859375,354.55999755859375,327.8263854980469,172304200
2020-11-10 14:30:00,353.489990234375,355.17999267578125,350.510009765625,354.0400085449219,327.34564208984375,85552000
2020-11-11 14:30:00,356.3999938964844,357.55999755859375,355.05999755859375,356.6700134277344,329.77734375,58649000
2020-11-12 14:30:00,355.5799865722656,356.7200012207031,351.260009765625,353.2099914550781,326.57818603515625,67546200
2020-11-13 14:30:00,355.2699890136719,358.8999938964844,354.7099914550781,358.1000061035156,331.0994567871094,62892200
2020-11-16 14:30:00,360.9800109863281,362.7799987792969,359.5899963378906,362.5700073242187,335.2324523925781,74541100
2020-11-17 14:30:00,359.9700012207031,361.9200134277344,358.3399963378906,360.6199951171875,333.4294128417969,66111000
2020-11-18 14:30:00,360.9100036621094,361.5,356.239990234375,356.2799987792969,329.41668701171875,70591300
2020-11-19 14:30:00,355.6000061035156,358.17999267578125,354.1499938964844,357.7799987792969,330.8035888671875,59940900
2020-11-20 14:30:00,357.5,357.7200012207031,355.25,355.3299865722656,328.53826904296875,70417300
2020-11-23 14:30:00,357.2799987792969,358.82000732421875,354.8699951171875,357.4599914550781,330.5076599121094,63230600
2020-11-24 14:30:00,360.2099914550781,363.80999755859375,359.2900085449219,363.2200012207031,335.83343505859375,62415900
2020-11-25 14:30:00,363.1300048828125,363.1600036621094,361.4800109863281,362.6600036621094,335.3155517578125,45330900
2020-11-27 14:30:00,363.8399963378906,364.1799926757813,362.5799865722656,363.6700134277344,336.24945068359375,28514100
2020-11-30 14:30:00,362.8299865722656,363.1199951171875,359.1700134277344,362.05999755859375,334.7608642578125,83872700
2020-12-01 14:30:00,365.5700073242187,367.6799926757813,364.9299926757813,366.0199890136719,338.42230224609375,74231400
2020-12-02 14:30:00,364.8200073242187,366.9599914550781,364.2000122070313,366.7900085449219,339.13427734375,45927000
2020-12-03 14:30:00,366.6799926757813,368.19000244140625,365.5,366.69000244140625,339.041748046875,62882000
2020-12-04 14:30:00,367.3200073242187,369.8500061035156,367.2200012207031,369.8500061035156,341.96343994140625,50749900
2020-12-07 14:30:00,369.0199890136719,369.6199951171875,367.7200012207031,369.0899963378906,341.2608337402344,48944300
2020-12-08 14:30:00,367.7200012207031,370.7799987792969,367.6700134277344,370.1700134277344,342.25946044921875,42458900
2020-12-09 14:30:00,370.8800048828125,371.0499877929687,365.9500122070313,366.8500061035156,339.189697265625,74098300
2020-12-10 14:30:00,365.3699951171875,367.8599853515625,364.4299926757813,366.7300109863281,339.0787048339844,57735400
2020-12-11 14:30:00,364.8999938964844,366.739990234375,363.260009765625,366.2999877929687,338.68115234375,57698600
2020-12-14 14:30:00,368.6400146484375,369.7999877929687,364.4700012207031,364.6600036621094,337.1648254394531,69216200
2020-12-15 14:30:00,367.3999938964844,369.5899963378906,365.9200134277344,369.5899963378906,341.72308349609375,63865300
2020-12-16 14:30:00,369.8200073242187,371.1600036621094,368.8699951171875,370.1700134277344,342.25946044921875,58420500
2020-12-17 14:30:00,371.94000244140625,372.4599914550781,371.0499877929687,372.239990234375,344.1733093261719,64119500
2020-12-18 14:30:00,370.9700012207031,371.1499938964844,367.0199890136719,369.1799926757813,342.799072265625,136542300
2020-12-21 14:30:00,364.9700012207031,378.4599914550781,362.0299987792969,367.8599853515625,341.5733947753906,96386700
2020-12-22 14:30:00,368.2099914550781,368.3299865722656,366.0299987792969,367.239990234375,340.997802734375,47949000
2020-12-23 14:30:00,368.2799987792969,369.6199951171875,367.2200012207031,367.5700073242187,341.3040771484375,46201400
2020-12-24 14:30:00,368.0799865722656,369.0299987792969,367.4500122070313,369.0,342.6319580078125,26457900
2020-12-28 14:30:00,371.739990234375,372.5899963378906,371.0700073242187,372.1700134277344,345.575439453125,39000400
2020-12-29 14:30:00,373.80999755859375,374.0,370.8299865722656,371.4599914550781,344.9161376953125,53680500
2020-12-30 14:30:00,372.3399963378906,373.1000061035156,371.5700073242187,371.989990234375,345.40826416015625,49455300
2020-12-31 14:30:00,371.7799987792969,374.6600036621094,371.2300109863281,373.8800048828125,347.16314697265625,78520700
2021-01-04 14:30:00,375.30999755859375,375.4500122070313,364.8200073242187,368.7900085449219,342.4369201660156,110210800
2021-01-05 14:30:00,368.1000061035156,372.5,368.0499877929687,371.3299865722656,344.79541015625,66426200
2021-01-06 14:30:00,369.7099914550781,376.9800109863281,369.1199951171875,373.5499877929687,346.85675048828125,107997700
2021-01-07 14:30:00,376.1000061035156,379.8999938964844,375.9100036621094,379.1000061035156,352.0101623535156,68766800
2021-01-08 14:30:00,380.5899963378906,381.489990234375,377.1000061035156,381.260009765625,354.0158996582031,71677200
2021-01-11 14:30:00,377.8500061035156,380.5799865722656,377.7200012207031,378.69000244140625,351.6295166015625,51034700
2021-01-12 14:30:00,378.8900146484375,379.8599853515625,376.3599853515625,378.7699890136719,351.7037658691406,52547700
2021-01-13 14:30:00,378.69000244140625,380.8599853515625,377.8500061035156,379.7900085449219,352.65093994140625,45303600
2021-01-14 14:30:00,380.5899963378906,381.1300048828125,378.1000061035156,378.4599914550781,351.41595458984375,49989100
2021-01-15 14:30:00,376.7200012207031,377.5799865722656,373.7000122070313,375.7000122070313,348.85321044921875,107160000
2021-01-19 14:30:00,378.3399963378906,379.2300109863281,376.75,378.6499938964844,351.5923156738281,51233300
2021-01-20 14:30:00,381.1099853515625,384.7900085449219,380.69000244140625,383.8900146484375,356.4579772949219,61836100
2021-01-21 14:30:00,384.489990234375,384.9500122070313,383.25,384.239990234375,356.7828063964844,47840100
2021-01-22 14:30:00,382.25,384.1300048828125,381.8399963378906,382.8800048828125,355.52001953125,52860500
2021-01-25 14:30:00,383.6700134277344,384.7699890136719,378.4599914550781,384.3900146484375,356.92218017578125,70402000
2021-01-26 14:30:00,385.4100036621094,385.8500061035156,383.5400085449219,383.7900085449219,356.36505126953125,42665300
2021-01-27 14:30:00,380.2200012207031,380.3200073242187,372.010009765625,374.4100036621094,347.6553649902344,123351100
2021-01-28 14:30:00,376.3599853515625,381.9299926757813,375.8900146484375,377.6300048828125,350.64520263671875,94198100
2021-01-29 14:30:00,375.6300048828125,376.6700134277344,368.2699890136719,370.0700073242187,343.62542724609375,126765100
2021-02-01 14:30:00,373.7200012207031,377.3399963378906,370.3800048828125,376.2300109863281,349.34527587890625,75817600
2021-02-02 14:30:00,379.6499938964844,383.2200012207031,376.3200073242187,381.5499877929687,354.2851257324219,64450700
2021-02-03 14:30:00,382.44000244140625,383.7000122070313,380.4800109863281,381.8500061035156,354.5637512207031,52427100
2021-02-04 14:30:00,382.9599914550781,386.239990234375,381.9700012207031,386.19000244140625,358.5935363769531,47142600
2021-02-05 14:30:00,388.2000122070313,388.4700012207031,386.1400146484375,387.7099914550781,360.0049133300781,48669800
2021-02-08 14:30:00,389.2699890136719,390.55999755859375,388.3500061035156,390.510009765625,362.60491943359375,38365200
2021-02-09 14:30:00,389.6099853515625,390.8900146484375,389.1700134277344,390.25,362.3634338378906,35551100
2021-02-10 14:30:00,392.1199951171875,392.2799987792969,387.5,390.0799865722656,362.2055358886719,59154400
2021-02-11 14:30:00,391.239990234375,391.69000244140625,388.1000061035156,390.7099914550781,362.7904968261719,42913300
2021-02-12 14:30:00,389.8500061035156,392.8999938964844,389.7699890136719,392.6400146484375,364.5826721191406,50593300
2021-02-16 14:30:00,393.9599914550781,394.1700134277344,391.5299987792969,392.2999877929687,364.2669372558594,50972400
2021-02-17 14:30:00,390.4200134277344,392.6600036621094,389.3299865722656,392.3900146484375,364.3505554199219,52290600
2021-02-18 14:30:00,389.5899963378906,391.5199890136719,387.739990234375,390.7200012207031,362.7998046875,59712800
2021-02-19 14:30:00,392.0700073242187,392.3800048828125,389.5499877929687,390.0299987792969,362.15924072265625,83241000
2021-02-22 14:30:00,387.05999755859375,389.6199951171875,386.739990234375,387.0299987792969,359.37347412109375,67414200
2021-02-23 14:30:00,384.6600036621094,388.9500122070313,380.2000122070313,387.5,359.8099365234375,107284100
2021-02-24 14:30:00,386.3299865722656,392.2300109863281,385.2699890136719,391.7699890136719,363.7748107910156,72433900
2021-02-25 14:30:00,390.4100036621094,391.8800048828125,380.7799987792969,382.3299865722656,355.0093994140625,146670500
2021-02-26 14:30:00,384.3500061035156,385.5799865722656,378.2300109863281,380.3599853515625,353.18011474609375,152701600
2021-03-01 14:30:00,385.5899963378906,390.9200134277344,380.5700073242187,389.5799865722656,361.7413635253906,105348800
2021-03-02 14:30:00,389.8200073242187,390.0700073242187,386.0,386.5400085449219,358.91851806640625,79595300
2021-03-03 14:30:00,385.7900085449219,386.8299865722656,381.30999755859375,381.4200134277344,354.1644287109375,119940200
2021-03-04 14:30:00,381.2200012207031,384.0,371.8800048828125,376.7000122070313,349.78167724609375,183433000
2021-03-05 14:30:00,380.4599914550781,384.760009765625,372.6400146484375,383.6300048828125,356.21649169921875,152039600
2021-03-08 14:30:00,384.6600036621094,387.6799926757813,381.4200134277344,381.7200012207031,354.44305419921875,123149200
2021-03-09 14:30:00,385.8500061035156,389.9100036621094,385.30999755859375,387.1700134277344,359.5035095214844,113633600
2021-03-10 14:30:00,389.69000244140625,391.3999938964844,388.1700134277344,389.5799865722656,361.7413635253906,109899400
2021-03-11 14:30:00,392.2300109863281,395.6499938964844,391.739990234375,393.5299987792969,365.4090270996094,86245000
2021-03-12 14:30:00,392.0700073242187,394.2099914550781,391.2000122070313,394.05999755859375,365.9011840820313,64653600
2021-03-15 13:30:00,394.3299865722656,396.69000244140625,392.0299987792969,396.4100036621094,368.0832824707031,73427200
2021-03-16 13:30:00,397.0700073242187,397.8299865722656,395.0799865722656,395.9100036621094,367.6190185546875,73722500
2021-03-17 13:30:00,394.5299987792969,398.1199951171875,393.2999877929687,397.260009765625,368.87249755859375,97959300
2021-03-18 13:30:00,394.4800109863281,396.7200012207031,390.75,391.4800109863281,363.5055236816406,115349100
2021-03-19 13:30:00,389.8800048828125,391.5700073242187,387.1499938964844,389.4800109863281,362.8329162597656,113624500
2021-03-22 13:30:00,390.0299987792969,394.0700073242187,389.9700012207031,392.5899963378906,365.7301940917969,73778600
2021-03-23 13:30:00,391.9100036621094,393.4599914550781,388.6600036621094,389.5,362.8515930175781,90686600
2021-03-24 13:30:00,391.0,392.75,387.4700012207031,387.5199890136719,361.0069885253906,97588600
2021-03-25 13:30:00,385.9800109863281,390.5499877929687,383.8999938964844,389.7000122070313,363.0379028320313,116128600
2021-03-26 13:30:00,390.9299926757813,396.4100036621094,390.2900085449219,395.9800109863281,368.8882141113281,114409100
2021-03-29 13:30:00,394.3999938964844,396.75,392.80999755859375,395.7799987792969,368.7018432617187,108107600
2021-03-30 13:30:00,394.4200134277344,395.4500122070313,393.0199890136719,394.7300109863281,367.7238159179687,76262200
2021-03-31 13:30:00,395.3399963378906,398.0,395.30999755859375,396.3299865722656,369.21429443359375,112734200
2021-04-01 13:30:00,398.3999938964844,400.6700134277344,398.1799926757813,400.6099853515625,373.2014770507813,99682900
2021-04-05 13:30:00,403.4599914550781,406.94000244140625,403.3800048828125,406.3599853515625,378.5580139160156,91684800
2021-04-06 13:30:00,405.760009765625,407.239990234375,405.3999938964844,406.1199951171875,378.3345031738281,62021000
2021-04-07 13:30:00,405.94000244140625,406.9599914550781,405.4500122070313,406.5899963378906,378.7722778320313,55836300
2021-04-08 13:30:00,407.9299926757813,408.5799865722656,406.9299926757813,408.5199890136719,380.5702819824219,57863100
2021-04-09 13:30:00,408.3900146484375,411.6700134277344,408.260009765625,411.489990234375,383.3370971679687,61104600
2021-04-12 13:30:00,410.8500061035156,411.9299926757813,410.2000122070313,411.6400146484375,383.4768676757813,56704900
2021-04-13 13:30:00,411.5299987792969,413.5299987792969,411.1199951171875,412.8599853515625,384.6133117675781,56551000
2021-04-14 13:30:00,412.8299865722656,413.9599914550781,410.8699951171875,411.4500122070313,383.2998046875,61659900
2021-04-15 13:30:00,413.739990234375,416.1600036621094,413.69000244140625,415.8699951171875,387.41741943359375,60229800
2021-04-16 13:30:00,417.25,417.9100036621094,415.7300109863281,417.260009765625,388.7123107910156,82037300
2021-04-19 13:30:00,416.260009765625,416.739990234375,413.7900085449219,415.2099914550781,386.8025512695313,78498500
2021-04-20 13:30:00,413.9100036621094,415.0899963378906,410.5899963378906,412.1700134277344,383.9705810546875,81851800
2021-04-21 13:30:00,411.510009765625,416.2900085449219,411.3599853515625,416.0700073242187,387.603759765625,66793000
2021-04-22 13:30:00,415.8900146484375,416.7799987792969,411.1300048828125,412.2699890136719,384.0636901855469,97582800
2021-04-23 13:30:00,412.8699951171875,418.25,412.7900085449219,416.739990234375,388.2278442382813,73209200
2021-04-26 13:30:00,417.44000244140625,418.2200012207031,416.80999755859375,417.6099853515625,389.0383605957031,52182400
2021-04-27 13:30:00,417.9299926757813,418.1400146484375,416.2999877929687,417.5199890136719,388.9545593261719,51303100
2021-04-28 13:30:00,417.80999755859375,419.010009765625,416.8999938964844,417.3999938964844,388.84271240234375,51238900
2021-04-29 13:30:00,420.3200073242187,420.7200012207031,416.44000244140625,420.05999755859375,391.3207702636719,78544300
2021-04-30 13:30:00,417.6300048828125,418.5400085449219,416.3399963378906,417.2999877929687,388.7496032714844,85527000
2021-05-03 13:30:00,419.4299926757813,419.8399963378906,417.6700134277344,418.2000122070313,389.5879821777344,68128300
2021-05-04 13:30:00,416.0700073242187,416.6000061035156,411.6700134277344,415.6199951171875,387.1845703125,101591200
2021-05-05 13:30:00,417.3800048828125,417.6300048828125,415.1499938964844,415.75,387.30560302734375,60162200
2021-05-06 13:30:00,415.8299865722656,419.2099914550781,413.6799926757813,419.0700073242187,390.3984680175781,74321400
2021-05-07 13:30:00,419.8900146484375,422.8200073242187,419.1600036621094,422.1199951171875,393.23974609375,67733800
2021-05-10 13:30:00,422.5,422.739990234375,417.80999755859375,417.94000244140625,389.3457336425781,81852400
2021-05-11 13:30:00,413.1000061035156,415.2699890136719,410.05999755859375,414.2099914550781,385.8709106445313,116888000
2021-05-12 13:30:00,411.2300109863281,412.5899963378906,404.0,405.4100036621094,377.673095703125,134811000
2021-05-13 13:30:00,407.0700073242187,412.3500061035156,407.0199890136719,410.2799987792969,382.2098388671875,106394000
2021-05-14 13:30:00,413.2099914550781,417.489990234375,413.1799926757813,416.5799865722656,388.078857421875,82201600
2021-05-17 13:30:00,415.3900146484375,416.3900146484375,413.3599853515625,415.5199890136719,387.09130859375,65129200
2021-05-18 13:30:00,415.7999877929687,416.05999755859375,411.7699890136719,411.94000244140625,383.75640869140625,59810200
2021-05-19 13:30:00,406.9200134277344,411.0499877929687,405.3299865722656,410.8599853515625,382.7501220703125,106467100
2021-05-20 13:30:00,411.7999877929687,416.6300048828125,411.6700134277344,415.2799987792969,386.8677673339844,78022200
2021-05-21 13:30:00,416.8699951171875,418.2000122070313,414.4500122070313,414.94000244140625,386.5510864257813,76578700
2021-05-24 13:30:00,417.3399963378906,420.3200073242187,417.0799865722656,419.1700134277344,390.4916687011719,51376700
2021-05-25 13:30:00,420.3299865722656,420.7099914550781,417.6199951171875,418.239990234375,389.6253051757813,57451400
2021-05-26 13:30:00,418.8699951171875,419.6099853515625,417.760009765625,419.0700073242187,390.3984680175781,43088600
2021-05-27 13:30:00,420.1700134277344,420.7200012207031,418.989990234375,419.2900085449219,390.6034240722656,56707700
2021-05-28 13:30:00,420.9700012207031,421.25,419.7900085449219,420.0400085449219,391.3021240234375,58520200
2021-06-01 13:30:00,422.5700073242187,422.7200012207031,419.2000122070313,419.6700134277344,390.9573974609375,54216600
2021-06-02 13:30:00,420.3699951171875,421.2300109863281,419.2900085449219,420.3299865722656,391.572265625,49097100
2021-06-03 13:30:00,417.8500061035156,419.989990234375,416.2799987792969,418.7699890136719,390.1190185546875,58138800
2021-06-04 13:30:00,420.75,422.9200134277344,418.8399963378906,422.6000061035156,393.68701171875,55938800
2021-06-07 13:30:00,422.5899963378906,422.7799987792969,421.19000244140625,422.19000244140625,393.3049926757813,51555000
2021-06-08 13:30:00,423.1099853515625,423.2099914550781,420.3200073242187,422.2799987792969,393.388916015625,47134300
2021-06-09 13:30:00,423.1799926757813,423.260009765625,421.4100036621094,421.6499938964844,392.8019409179687,48436300
2021-06-10 13:30:00,422.9599914550781,424.6300048828125,421.5499877929687,423.6099853515625,394.6277770996094,51020100
2021-06-11 13:30:00,424.2000122070313,424.4299926757813,422.8200073242187,424.30999755859375,395.2799682617187,45570800
2021-06-14 13:30:00,424.4299926757813,425.3699951171875,423.1000061035156,425.260009765625,396.16497802734375,42358500
2021-06-15 13:30:00,425.4200134277344,425.4599914550781,423.5400085449219,424.4800109863281,395.4383544921875,51508500
2021-06-16 13:30:00,424.6300048828125,424.8699951171875,419.9200134277344,422.1099853515625,393.23046875,80386100
2021-06-17 13:30:00,421.6700134277344,423.0199890136719,419.3200073242187,421.9700012207031,393.1000671386719,90949700
2021-06-18 13:30:00,417.0899963378906,417.8299865722656,414.7000122070313,414.9200134277344,387.7970275878906,118676300
2021-06-21 13:30:00,416.7999877929687,421.05999755859375,415.9299926757813,420.8599853515625,393.3486328125,72822000
2021-06-22 13:30:00,420.8500061035156,424.0,420.0799865722656,423.1099853515625,395.4515686035156,57700300
2021-06-23 13:30:00,423.19000244140625,424.0499877929687,422.510009765625,422.6000061035156,394.9749755859375,49445400
2021-06-24 13:30:00,424.8900146484375,425.5499877929687,424.6199951171875,425.1000061035156,397.3115234375,45110300
2021-06-25 13:30:00,425.8999938964844,427.0899963378906,425.5499877929687,426.6099853515625,398.7227783203125,58129500
2021-06-28 13:30:00,427.1700134277344,427.6499938964844,425.8900146484375,427.4700012207031,399.5266418457031,53159600
2021-06-29 13:30:00,427.8800048828125,428.55999755859375,427.1300048828125,427.7000122070313,399.7415771484375,35970500
2021-06-30 13:30:00,427.2099914550781,428.7799987792969,427.1799926757813,428.05999755859375,400.07806396484375,64827900
2021-07-01 13:30:00,428.8699951171875,430.6000061035156,428.7999877929687,430.4299926757813,402.2930908203125,53441000
2021-07-02 13:30:00,431.6700134277344,434.1000061035156,430.5199890136719,433.7200012207031,405.3680725097656,57697700
2021-07-06 13:30:00,433.7799987792969,434.010009765625,430.010009765625,432.9299926757813,404.6297302246094,68710400
2021-07-07 13:30:00,433.6600036621094,434.760009765625,431.510009765625,434.4599914550781,406.0596618652344,63549500
2021-07-08 13:30:00,428.7799987792969,431.7300109863281,427.5199890136719,430.9200134277344,402.75103759765625,97595200
2021-07-09 13:30:00,432.5299987792969,435.8399963378906,430.7099914550781,435.5199890136719,407.0503845214844,76238600
2021-07-12 13:30:00,435.4299926757813,437.3500061035156,434.9700012207031,437.0799865722656,408.5084228515625,52889600
2021-07-13 13:30:00,436.239990234375,437.8399963378906,435.30999755859375,435.5899963378906,407.1158142089844,52911300
2021-07-14 13:30:00,437.3999938964844,437.9200134277344,434.9100036621094,436.239990234375,407.7232971191406,64130400
2021-07-15 13:30:00,434.80999755859375,435.5299987792969,432.7200012207031,434.75,406.3307189941406,55126400
2021-07-16 13:30:00,436.010009765625,436.05999755859375,430.9200134277344,431.3399963378906,403.14361572265625,75874700
2021-07-19 13:30:00,426.19000244140625,431.4100036621094,421.9700012207031,424.9700012207031,397.1900634765625,147987000
2021-07-20 13:30:00,425.6799926757813,432.4200134277344,424.8299865722656,431.05999755859375,402.8819580078125,99608200
2021-07-21 13:30:00,432.3399963378906,434.7000122070313,431.010009765625,434.5499877929687,406.1437683105469,64724400
2021-07-22 13:30:00,434.739990234375,435.7200012207031,433.69000244140625,435.4599914550781,406.9943237304687,47878500
2021-07-23 13:30:00,437.5199890136719,440.2999877929687,436.7900085449219,439.94000244140625,411.1814575195313,63766600
2021-07-26 13:30:00,439.30999755859375,441.0299987792969,439.260009765625,441.0199890136719,412.1908264160156,43719200
2021-07-27 13:30:00,439.9100036621094,439.94000244140625,435.989990234375,439.010009765625,410.3122253417969,67397100
2021-07-28 13:30:00,439.6799926757813,440.2999877929687,437.30999755859375,438.8299865722656,410.1440124511719,52472400
2021-07-29 13:30:00,439.8200073242187,441.7999877929687,439.80999755859375,440.6499938964844,411.8450622558594,47435300
2021-07-30 13:30:00,437.9100036621094,440.05999755859375,437.7699890136719,438.510009765625,409.8449401855469,68951200
2021-08-02 13:30:00,440.3399963378906,440.9299926757813,437.2099914550781,437.5899963378906,408.9850769042969,58783300
2021-08-03 13:30:00,438.44000244140625,441.2799987792969,436.1000061035156,441.1499938964844,412.3123474121094,58053900
2021-08-04 13:30:00,439.7799987792969,441.1199951171875,438.7300109863281,438.9800109863281,410.2842102050781,46732200
2021-08-05 13:30:00,440.2200012207031,441.8500061035156,439.8800048828125,441.760009765625,412.8825073242187,38969700
2021-08-06 13:30:00,442.1000061035156,442.94000244140625,441.7999877929687,442.489990234375,413.5647583007813,46930000
2021-08-09 13:30:00,442.4599914550781,442.7999877929687,441.30999755859375,442.1300048828125,413.2283325195313,41222600
2021-08-10 13:30:00,442.6099853515625,443.44000244140625,441.8800048828125,442.6799926757813,413.7422790527344,43339300
2021-08-11 13:30:00,443.8200073242187,443.8800048828125,442.6199951171875,443.7799987792969,414.7704772949219,44034300
2021-08-12 13:30:00,443.6199951171875,445.260009765625,442.6600036621094,445.1099853515625,416.0134887695313,38909400
2021-08-13 13:30:00,445.5899963378906,445.94000244140625,445.0700073242187,445.9200134277344,416.7704772949219,39470300
2021-08-16 13:30:00,444.5299987792969,447.1099853515625,442.8699951171875,446.9700012207031,417.7519226074219,73740000
2021-08-17 13:30:00,444.239990234375,444.9599914550781,440.8500061035156,444.0400085449219,415.0134887695313,92673900
2021-08-18 13:30:00,442.9599914550781,444.6300048828125,438.9200134277344,439.1799926757813,410.4710998535156,89351900
2021-08-19 13:30:00,436.2699890136719,441.1400146484375,436.1199951171875,439.8599853515625,411.1066284179687,92812200
2021-08-20 13:30:00,440.2300109863281,443.7099914550781,439.7099914550781,443.3599853515625,414.3778991699219,72008700
2021-08-23 13:30:00,445.1600036621094,448.2300109863281,443.44000244140625,447.260009765625,418.0229187011719,54973000
2021-08-24 13:30:00,447.9700012207031,448.5400085449219,447.4200134277344,447.9700012207031,418.6865234375,38744700
2021-08-25 13:30:00,448.1700134277344,449.4599914550781,447.7699890136719,448.9100036621094,419.5650939941406,40529700
2021-08-26 13:30:00,448.6099853515625,448.8599853515625,446.1600036621094,446.260009765625,417.0882873535156,57829600
2021-08-27 13:30:00,447.1199951171875,450.6499938964844,447.05999755859375,450.25,420.8175048828125,77235100
2021-08-30 13:30:00,450.9700012207031,453.0700073242187,450.7099914550781,452.2300109863281,422.6679992675781,48357400
2021-08-31 13:30:00,452.1300048828125,452.489990234375,450.9200134277344,451.55999755859375,422.0418395996094,59300200
2021-09-01 13:30:00,452.55999755859375,453.1099853515625,451.5499877929687,451.7999877929687,422.26611328125,48721400
2021-09-02 13:30:00,453.3200073242187,454.0499877929687,451.9100036621094,453.19000244140625,423.5653381347656,42501000
2021-09-03 13:30:00,451.9800109863281,453.6300048828125,451.5499877929687,453.0799865722656,423.4623718261719,47170500
2021-09-07 13:30:00,452.7099914550781,452.80999755859375,450.739990234375,451.4599914550781,421.94830322265625,51671500
2021-09-08 13:30:00,450.8900146484375,451.6700134277344,448.8599853515625,450.9100036621094,421.4343566894531,56181900
2021-09-09 13:30:00,450.7000122070313,452.5700073242187,448.7200012207031,448.9800109863281,419.6305236816406,57970400
2021-09-10 13:30:00,451.0400085449219,451.489990234375,445.30999755859375,445.44000244140625,416.3219299316406,89948200
2021-09-13 13:30:00,448.6400146484375,448.9200134277344,444.1099853515625,446.5799865722656,417.3873901367187,83738600
2021-09-14 13:30:00,448.1199951171875,448.3399963378906,443.2200012207031,444.1700134277344,415.1349487304687,78197100
2021-09-15 13:30:00,444.6199951171875,448.4100036621094,443.44000244140625,447.8800048828125,418.6024169921875,78792200
2021-09-16 13:30:00,447.3200073242187,448.3599853515625,444.0199890136719,447.1700134277344,417.9388732910156,77786700
2021-09-17 13:30:00,444.9200134277344,445.3699951171875,441.0199890136719,441.3999938964844,413.8676452636719,118425000
2021-09-20 13:30:00,434.8800048828125,436.55999755859375,428.8599853515625,434.0400085449219,406.9667053222656,166445500
2021-09-21 13:30:00,436.5299987792969,437.9100036621094,433.0700073242187,433.6300048828125,406.5823059082031,92526100
2021-09-22 13:30:00,436.0499877929687,440.0299987792969,433.75,437.8599853515625,410.5485229492187,102350100
2021-09-23 13:30:00,439.8500061035156,444.8900146484375,439.6000061035156,443.1799926757813,415.5365905761719,76396000
2021-09-24 13:30:00,441.44000244140625,444.6700134277344,441.2099914550781,443.9100036621094,416.22113037109375,62094800
2021-09-27 13:30:00,442.80999755859375,444.0499877929687,441.8999938964844,442.6400146484375,415.03033447265625,61371100
2021-09-28 13:30:00,439.69000244140625,440.0400085449219,432.94000244140625,433.7200012207031,406.6666870117187,130436300
2021-09-29 13:30:00,435.19000244140625,437.0400085449219,433.8500061035156,434.4500122070313,407.3511962890625,82329200
2021-09-30 13:30:00,436.0199890136719,436.7699890136719,428.7799987792969,429.1400146484375,402.3723754882813,140506000
2021-10-01 13:30:00,430.9800109863281,436.0299987792969,427.2300109863281,434.239990234375,407.154296875,129240100
2021-10-04 13:30:00,433.0,433.9599914550781,426.3599853515625,428.6400146484375,401.9036254882813,128570000
2021-10-05 13:30:00,430.239990234375,435.489990234375,429.3900146484375,433.1000061035156,406.08538818359375,90682500
2021-10-06 13:30:00,429.2699890136719,435.1199951171875,427.5400085449219,434.8999938964844,407.7730712890625,113032200
2021-10-07 13:30:00,438.3900146484375,441.6799926757813,438.2000122070313,438.6600036621094,411.298583984375,72437500
2021-10-08 13:30:00,439.4800109863281,439.8900146484375,437.19000244140625,437.8599853515625,410.5485229492187,74557400
2021-10-11 13:30:00,437.1600036621094,440.260009765625,434.6199951171875,434.69000244140625,407.576171875,65233300
2021-10-12 13:30:00,435.6700134277344,436.1000061035156,432.7799987792969,433.6199951171875,406.5729370117187,71181200
2021-10-13 13:30:00,434.7099914550781,436.0499877929687,431.5400085449219,435.1799926757813,408.03570556640625,72974000
2021-10-14 13:30:00,439.0799865722656,442.6600036621094,438.5799865722656,442.5,414.8990173339844,70236800
2021-10-15 13:30:00,444.75,446.260009765625,444.0899963378906,445.8699951171875,418.058837890625,66260200
2021-10-18 13:30:00,443.9700012207031,447.5499877929687,443.2699890136719,447.19000244140625,419.2965393066406,62213200
2021-10-19 13:30:00,448.9200134277344,450.7099914550781,448.2699890136719,450.6400146484375,422.5313720703125,46996800
2021-10-20 13:30:00,451.1300048828125,452.7300109863281,451.010009765625,452.4100036621094,424.19085693359375,49571600
2021-10-21 13:30:00,451.7699890136719,453.8299865722656,451.30999755859375,453.5899963378906,425.2973327636719,41305400
2021-10-22 13:30:00,453.1300048828125,454.6700134277344,451.0499877929687,453.1199951171875,424.8566589355469,58845100
2021-10-25 13:30:00,454.2799987792969,455.8999938964844,452.3900146484375,455.5499877929687,427.1351013183594,45214500
2021-10-26 13:30:00,457.2000122070313,458.489990234375,455.55999755859375,455.9599914550781,427.5195007324219,56075100
2021-10-27 13:30:00,456.4500122070313,457.1600036621094,453.8599853515625,453.94000244140625,425.6255187988281,72438000
2021-10-28 13:30:00,455.4599914550781,458.3999938964844,455.4500122070313,458.3200073242187,429.7322692871094,51437900
2021-10-29 13:30:00,455.8699951171875,459.55999755859375,455.55999755859375,459.25,430.6043395996094,70162400
2021-11-01 13:30:00,460.2999877929687,460.7000122070313,458.2000122070313,460.0400085449219,431.3450317382813,48433600
2021-11-02 13:30:00,460.2200012207031,462.2300109863281,460.0799865722656,461.8999938964844,433.0888977050781,48908400
2021-11-03 13:30:00,461.2999877929687,465.1499938964844,460.8299865722656,464.7200012207031,435.7331237792969,52509800
2021-11-04 13:30:00,465.3599853515625,467.0,464.989990234375,466.9100036621094,437.7864990234375,52847100
2021-11-05 13:30:00,469.2799987792969,470.6499938964844,466.9200134277344,468.5299987792969,439.3053894042969,66390600
2021-11-08 14:30:00,469.7000122070313,470.2300109863281,468.2000122070313,468.9299926757813,439.680419921875,50405200
2021-11-09 14:30:00,469.3200073242187,469.5700073242187,465.8800048828125,467.3800048828125,438.2271728515625,51149100
2021-11-10 14:30:00,465.5799865722656,467.3800048828125,462.0400085449219,463.6199951171875,434.70166015625,69429700
2021-11-11 14:30:00,465.2099914550781,465.2900085449219,463.75,463.7699890136719,434.84234619140625,34848500
2021-11-12 14:30:00,465.1199951171875,467.8599853515625,464.1099853515625,467.2699890136719,438.1239929199219,53466700
2021-11-15 14:30:00,468.6400146484375,468.80999755859375,466.2300109863281,467.4299926757813,438.2740783691406,46980500
2021-11-16 14:30:00,467.1499938964844,470.489990234375,467.0700073242187,469.2799987792969,440.0086059570313,48857500
2021-11-17 14:30:00,469.0,469.19000244140625,467.4800109863281,468.1400146484375,438.9397583007813,47858300
2021-11-18 14:30:00,469.239990234375,470.010009765625,466.3399963378906,469.7300109863281,440.4305114746094,50625600
2021-11-19 14:30:00,469.6099853515625,470.94000244140625,468.5,468.8900146484375,439.6429443359375,57315600
2021-11-22 14:30:00,470.8900146484375,473.5400085449219,467.3500061035156,467.5700073242187,438.40533447265625,72762000
2021-11-23 14:30:00,467.2200012207031,469.1000061035156,464.4500122070313,468.19000244140625,438.9866638183594,73206500
2021-11-24 14:30:00,466.05999755859375,469.5700073242187,465.19000244140625,469.44000244140625,440.1586608886719,61858800
2021-11-26 14:30:00,462.3399963378906,463.8999938964844,457.7699890136719,458.9700012207031,430.3417663574219,112669600
2021-11-29 14:30:00,464.0700073242187,466.55999755859375,461.7300109863281,464.6000061035156,435.62054443359375,86268800
2021-11-30 14:30:00,462.0,464.0299987792969,455.2999877929687,455.55999755859375,427.14447021484375,148559600
2021-12-01 14:30:00,461.6400146484375,464.6700134277344,450.2900085449219,450.5,422.4000549316406,131939200
2021-12-02 14:30:00,450.7300109863281,459.0700073242187,450.30999755859375,457.3999938964844,428.86968994140625,127637800
2021-12-03 14:30:00,459.1700134277344,460.2999877929687,448.9200134277344,453.4200134277344,425.1379699707031,137331600
2021-12-06 14:30:00,456.1300048828125,460.7900085449219,453.55999755859375,458.7900085449219,430.17291259765625,98977500
2021-12-07 14:30:00,464.4100036621094,468.8800048828125,458.6499938964844,468.2799987792969,439.0709838867187,95484700
2021-12-08 14:30:00,468.7000122070313,470.0,466.8299865722656,469.5199890136719,440.2336730957031,72238800
2021-12-09 14:30:00,468.1499938964844,469.6300048828125,466.1400146484375,466.3500061035156,437.2614440917969,61272600
2021-12-10 14:30:00,469.2300109863281,470.8999938964844,466.510009765625,470.739990234375,441.3775634765625,77159800
2021-12-13 14:30:00,470.19000244140625,470.55999755859375,466.2699890136719,466.5700073242187,437.46771240234375,87724700
2021-12-14 14:30:00,463.0899963378906,465.739990234375,460.25,463.3599853515625,434.4578857421875,97264100
2021-12-15 14:30:00,463.4200134277344,470.8599853515625,460.739990234375,470.6000061035156,441.2462463378906,116899300
2021-12-16 14:30:00,472.5700073242187,472.8699951171875,464.7999877929687,466.4500122070313,437.355224609375,116568600
2021-12-17 14:30:00,461.5499877929687,464.739990234375,458.05999755859375,459.8699951171875,432.700439453125,135511600
2021-12-20 14:30:00,454.4800109863281,455.3999938964844,451.1400146484375,454.9800109863281,428.0993957519531,107134800
2021-12-21 14:30:00,458.6099853515625,463.2099914550781,456.30999755859375,463.05999755859375,435.7020263671875,69806300
2021-12-22 14:30:00,462.7900085449219,467.80999755859375,462.5799865722656,467.69000244140625,440.0583801269531,58890200
2021-12-23 14:30:00,468.75,472.19000244140625,468.6400146484375,470.6000061035156,442.7965393066406,56439700
2021-12-27 14:30:00,472.05999755859375,477.30999755859375,472.010009765625,477.260009765625,449.06304931640625,56808600
2021-12-28 14:30:00,477.7200012207031,478.80999755859375,476.05999755859375,476.8699951171875,448.6961364746094,47274600
2021-12-29 14:30:00,476.9800109863281,478.55999755859375,475.9200134277344,477.4800109863281,449.27001953125,54503000
2021-12-30 14:30:00,477.9299926757813,479.0,475.6700134277344,476.1600036621094,448.0280456542969,55329000
2021-12-31 14:30:00,475.6400146484375,476.8599853515625,474.6700134277344,474.9599914550781,446.89892578125,65237400
2022-01-03 14:30:00,476.2999877929687,477.8500061035156,473.8500061035156,477.7099914550781,449.4864501953125,72668200
2022-01-04 14:30:00,479.2200012207031,479.9800109863281,475.5799865722656,477.5499877929687,449.33587646484375,71178700
2022-01-05 14:30:00,477.1600036621094,477.9800109863281,468.2799987792969,468.3800048828125,440.7076721191406,104538900
2022-01-06 14:30:00,467.8900146484375,470.8200073242187,465.4299926757813,467.94000244140625,440.2936706542969,86858900
2022-01-07 14:30:00,467.9500122070313,469.2000122070313,464.6499938964844,466.0899963378906,438.5530090332031,85111600
2022-01-10 14:30:00,462.7000122070313,465.739990234375,456.6000061035156,465.510009765625,438.0072937011719,119362000
2022-01-11 14:30:00,465.2300109863281,469.8500061035156,462.0499877929687,469.75,441.9967041015625,74303100
2022-01-12 14:30:00,471.5899963378906,473.2000122070313,468.94000244140625,471.0199890136719,443.1916809082031,67605400
2022-01-13 14:30:00,472.19000244140625,472.8800048828125,463.44000244140625,464.5299987792969,437.0850830078125,91173100
2022-01-14 14:30:00,461.19000244140625,465.0899963378906,459.8999938964844,464.7200012207031,437.2639465332031,95890900
2022-01-18 14:30:00,459.739990234375,459.9599914550781,455.30999755859375,456.489990234375,429.5202026367187,109709100
2022-01-19 14:30:00,458.1300048828125,459.6099853515625,451.4599914550781,451.75,425.0601501464844,109357600
2022-01-20 14:30:00,453.75,458.739990234375,444.5,446.75,420.3555908203125,122379700
2022-01-21 14:30:00,445.55999755859375,448.05999755859375,437.9500122070313,437.9800109863281,412.103759765625,202271200
2022-01-24 14:30:00,432.0299987792969,440.3800048828125,420.760009765625,439.8399963378906,413.8538818359375,251783900
2022-01-25 14:30:00,433.05999755859375,439.7200012207031,427.1499938964844,434.4700012207031,408.8011474609375,167997300
2022-01-26 14:30:00,440.7200012207031,444.0400085449219,428.8599853515625,433.3800048828125,407.7755126953125,186391100
2022-01-27 14:30:00,438.260009765625,441.5899963378906,429.4500122070313,431.239990234375,405.7619934082031,149878300
2022-01-28 14:30:00,432.6799926757813,442.0,427.8200073242187,441.9500122070313,415.8392028808594,164457400
2022-01-31 14:30:00,441.239990234375,450.2799987792969,439.80999755859375,449.9100036621094,423.3289184570313,152251400
2022-02-01 14:30:00,450.6799926757813,453.6300048828125,446.94000244140625,452.9500122070313,426.1893310546875,123155400
2022-02-02 14:30:00,455.5,458.1199951171875,453.0499877929687,457.3500061035156,430.329345703125,117361000
2022-02-03 14:30:00,450.9500122070313,452.9700012207031,445.7099914550781,446.6000061035156,420.2144470214844,118024400
2022-02-04 14:30:00,446.3500061035156,452.7799987792969,443.8299865722656,448.7000122070313,422.1904602050781,118454400
2022-02-07 14:30:00,449.510009765625,450.989990234375,445.8500061035156,447.260009765625,420.83551025390625,84472900
2022-02-08 14:30:00,446.7300109863281,451.9200134277344,445.2200012207031,450.94000244140625,424.2980346679687,81012000
2022-02-09 14:30:00,455.2200012207031,457.8800048828125,455.010009765625,457.5400085449219,430.5081176757813,92589900
2022-02-10 14:30:00,451.3399963378906,457.7099914550781,447.2000122070313,449.3200073242187,422.7738342285156,140103700
2022-02-11 14:30:00,449.4100036621094,451.6099853515625,438.94000244140625,440.4599914550781,414.4372253417969,153214600
2022-02-14 14:30:00,439.9200134277344,441.6000061035156,435.3399963378906,439.0199890136719,413.0822143554687,123006300
2022-02-15 14:30:00,443.7300109863281,446.2799987792969,443.1799926757813,446.1000061035156,419.7439880371094,88482700
2022-02-16 14:30:00,443.9299926757813,448.05999755859375,441.94000244140625,446.6000061035156,420.2144470214844,84863600
2022-02-17 14:30:00,443.2200012207031,446.5700073242187,436.4200134277344,437.05999755859375,411.2381591796875,102259100
2022-02-18 14:30:00,437.3299865722656,438.6600036621094,431.8200073242187,434.2300109863281,408.5752868652344,132642900
2022-02-22 14:30:00,431.8900146484375,435.5,425.8599853515625,429.5700073242187,404.1905822753906,124391800
2022-02-23 14:30:00,432.6600036621094,433.260009765625,421.3500061035156,421.9500122070313,397.0208435058594,132578000
2022-02-24 14:30:00,411.0199890136719,428.760009765625,410.6400146484375,428.2999877929687,402.99566650390625,213942900
2022-02-25 14:30:00,429.6099853515625,437.8399963378906,427.8599853515625,437.75,411.8873291015625,121804500
2022-02-28 14:30:00,432.0299987792969,438.2000122070313,430.7000122070313,436.6300048828125,410.8334655761719,145615000
2022-03-01 14:30:00,435.0400085449219,437.1700134277344,427.1099853515625,429.9800109863281,404.5763854980469,137785900
2022-03-02 14:30:00,432.3699951171875,439.7200012207031,431.5700073242187,437.8900146484375,412.01910400390625,117726500
2022-03-03 14:30:00,440.4700012207031,441.1099853515625,433.7999877929687,435.7099914550781,409.96783447265625,105501700
2022-03-04 14:30:00,431.75,433.3699951171875,427.8800048828125,432.1700134277344,406.6370544433594,113978200
2022-03-07 14:30:00,431.5499877929687,432.2999877929687,419.3599853515625,419.4299926757813,394.6496887207031,137896600
2022-03-08 14:30:00,419.6199951171875,427.2099914550781,415.1199951171875,416.25,391.6575622558594,164772700
2022-03-09 14:30:00,425.1400146484375,429.510009765625,422.8200073242187,427.4100036621094,402.1582946777344,116990800
2022-03-10 14:30:00,422.5199890136719,426.4299926757813,420.44000244140625,425.4800109863281,400.3421936035156,93972700
2022-03-11 14:30:00,428.1199951171875,428.7699890136719,419.5299987792969,420.0700073242187,395.25189208984375,95636300
2022-03-14 13:30:00,420.8900146484375,424.5499877929687,415.7900085449219,417.0,392.3631896972656,95729200
2022-03-15 13:30:00,419.7699890136719,426.8399963378906,418.4200134277344,426.1700134277344,400.9914855957031,106219100
2022-03-16 13:30:00,429.8900146484375,435.6799926757813,424.7999877929687,435.6199951171875,409.8832092285156,144954800
2022-03-17 13:30:00,433.5899963378906,441.0700073242187,433.19000244140625,441.0700073242187,415.0111999511719,102676900
2022-03-18 13:30:00,438.0,444.8599853515625,437.2200012207031,444.5199890136719,419.55670166015625,106345500
2022-03-21 13:30:00,444.3399963378906,446.4599914550781,440.6799926757813,444.3900146484375,419.43408203125,88349800
2022-03-22 13:30:00,445.8599853515625,450.5799865722656,445.8599853515625,449.5899963378906,424.3419494628906,74650400
2022-03-23 13:30:00,446.9100036621094,448.489990234375,443.7099914550781,443.7999877929687,418.8771362304687,79426100
2022-03-24 13:30:00,445.94000244140625,450.5,444.760009765625,450.489990234375,425.1914978027344,64736900
2022-03-25 13:30:00,451.1600036621094,452.9800109863281,448.4299926757813,452.69000244140625,427.2679138183594,77101300
2022-03-28 13:30:00,452.05999755859375,455.9100036621094,450.05999755859375,455.9100036621094,430.3070983886719,68529800
2022-03-29 13:30:00,460.0199890136719,462.0700073242187,457.1799926757813,461.5499877929687,435.6303405761719,86581500
2022-03-30 13:30:00,460.3399963378906,461.2000122070313,456.4700012207031,458.7000122070313,432.94036865234375,79666900
2022-03-31 13:30:00,457.8900146484375,458.760009765625,451.1600036621094,451.6400146484375,426.27691650390625,121699900
2022-04-01 13:30:00,453.30999755859375,453.4599914550781,449.1400146484375,452.9200134277344,427.4849853515625,89048800
2022-04-04 13:30:00,453.1300048828125,456.9100036621094,452.260009765625,456.7999877929687,431.1471252441406,59601000
2022-04-05 13:30:00,455.2200012207031,457.8299865722656,449.8200073242187,451.0299987792969,425.7011413574219,74214500
2022-04-06 13:30:00,446.8900146484375,448.9299926757813,443.4700012207031,446.5199890136719,421.44439697265625,106898000
2022-04-07 13:30:00,445.5899963378906,450.69000244140625,443.5299987792969,448.7699890136719,423.5680541992187,78097200
2022-04-08 13:30:00,447.9700012207031,450.6300048828125,445.94000244140625,447.5700073242187,422.4354248046875,79272700
2022-04-11 13:30:00,444.1099853515625,445.0,439.3900146484375,439.9200134277344,415.2150573730469,89770500
2022-04-12 13:30:00,443.0799865722656,445.75,436.6499938964844,438.2900085449219,413.6765747070313,84363600
2022-04-13 13:30:00,438.0299987792969,444.1099853515625,437.8399963378906,443.30999755859375,418.4147338867187,74070400
2022-04-14 13:30:00,443.5499877929687,444.7300109863281,437.6799926757813,437.7900085449219,413.20465087890625,97869500
2022-04-18 13:30:00,436.80999755859375,439.75,435.6099853515625,437.9700012207031,413.37451171875,66002500
2022-04-19 13:30:00,437.8599853515625,445.7999877929687,437.6799926757813,445.0400085449219,420.0475158691406,77821000
2022-04-20 13:30:00,446.9200134277344,447.5700073242187,443.4800109863281,444.7099914550781,419.7360229492187,65224400
2022-04-21 13:30:00,448.5400085449219,450.010009765625,437.1000061035156,438.05999755859375,413.45947265625,85417300
2022-04-22 13:30:00,436.9100036621094,438.0799865722656,425.44000244140625,426.0400085449219,402.114501953125,132471800
2022-04-25 13:30:00,423.6700134277344,428.69000244140625,418.8399963378906,428.510009765625,404.44580078125,119647700
2022-04-26 13:30:00,425.8299865722656,426.0400085449219,416.0700073242187,416.1000061035156,392.7327270507813,103996300
2022-04-27 13:30:00,417.239990234375,422.9200134277344,415.010009765625,417.2699890136719,393.83697509765625,122030000
2022-04-28 13:30:00,422.2900085449219,429.6400146484375,417.6000061035156,427.80999755859375,403.7851867675781,105449100
2022-04-29 13:30:00,423.5899963378906,425.8699951171875,411.2099914550781,412.0,388.8629760742187,145491100
2022-05-02 13:30:00,412.0700073242187,415.9200134277344,405.0199890136719,414.4800109863281,391.20367431640625,158312500
2022-05-03 13:30:00,415.010009765625,418.9299926757813,413.3599853515625,416.3800048828125,392.99700927734375,100028200
2022-05-04 13:30:00,417.0799865722656,429.6600036621094,413.7099914550781,429.05999755859375,404.9648742675781,144247900
2022-05-05 13:30:00,424.5499877929687,425.0,409.44000244140625,413.80999755859375,390.5712585449219,172929100
2022-05-06 13:30:00,411.1000061035156,414.7999877929687,405.7300109863281,411.3399963378906,388.239990234375,151770800
2022-05-09 13:30:00,405.1000061035156,406.4100036621094,396.5,398.1700134277344,375.8096923828125,155586100
2022-05-10 13:30:00,404.489990234375,406.0799865722656,394.8200073242187,399.0899963378906,376.677978515625,132497200
2022-05-11 13:30:00,398.0700073242187,404.0400085449219,391.9599914550781,392.75,370.6940002441406,142361000
2022-05-12 13:30:00,389.3699951171875,395.7999877929687,385.1499938964844,392.3399963378906,370.3070373535156,125090800
2022-05-13 13:30:00,396.7099914550781,403.1799926757813,395.6099853515625,401.7200012207031,379.16021728515625,104174400
2022-05-16 13:30:00,399.9800109863281,403.9700012207031,397.6000061035156,400.0899963378906,377.6217651367187,78622400
2022-05-17 13:30:00,406.5299987792969,408.5700073242187,402.5799865722656,408.3200073242187,385.3896484375,83029700
2022-05-18 13:30:00,403.5,403.7999877929687,390.5499877929687,391.8599853515625,369.8539733886719,117674500
2022-05-19 13:30:00,388.6199951171875,394.1400146484375,387.1099853515625,389.4599914550781,367.58880615234375,98510700
2022-05-20 13:30:00,393.25,397.0299987792969,380.5400085449219,389.6300048828125,367.7492370605469,131432200
2022-05-23 13:30:00,392.8299865722656,397.7300109863281,390.3800048828125,396.9200134277344,374.6299133300781,76414900
2022-05-24 13:30:00,392.55999755859375,395.1499938964844,386.9599914550781,393.8900146484375,371.77008056640625,91448800
2022-05-25 13:30:00,392.30999755859375,399.4500122070313,391.8900146484375,397.3699951171875,375.0545349121094,91472900
2022-05-26 13:30:00,398.6700134277344,407.0400085449219,398.4500122070313,405.30999755859375,382.5487060546875,82168300
2022-05-27 13:30:00,407.9100036621094,415.3800048828125,407.7000122070313,415.260009765625,391.9399108886719,84768700
2022-05-31 13:30:00,413.5499877929687,416.4599914550781,410.0299987792969,412.9299926757813,389.74072265625,95937000
2022-06-01 13:30:00,415.1700134277344,416.239990234375,406.9299926757813,409.5899963378906,386.58831787109375,86585800
2022-06-02 13:30:00,409.4200134277344,417.44000244140625,407.0400085449219,417.3900146484375,393.95025634765625,79609600
2022-06-03 13:30:00,412.3999938964844,414.0400085449219,409.510009765625,410.5400085449219,387.4849548339844,71874300
2022-06-06 13:30:00,414.7799987792969,416.6099853515625,410.5499877929687,411.7900085449219,388.6647644042969,57508900
2022-06-07 13:30:00,408.1000061035156,416.2200012207031,407.6099853515625,415.739990234375,392.3929443359375,59272400
2022-06-08 13:30:00,413.9299926757813,415.8200073242187,410.3800048828125,411.2200012207031,388.1267700195313,64350000
2022-06-09 13:30:00,409.3399963378906,411.739990234375,401.44000244140625,401.44000244140625,378.8959655761719,86289800
2022-06-10 13:30:00,394.8800048828125,395.7799987792969,389.75,389.7999877929687,367.9096374511719,132893900
2022-06-13 13:30:00,379.8500061035156,381.80999755859375,373.2999877929687,375.0,353.9407958984375,170004900
2022-06-14 13:30:00,376.8500061035156,377.94000244140625,370.5899963378906,373.8699951171875,352.8742370605469,104011800
2022-06-15 13:30:00,377.3599853515625,383.8999938964844,372.1199951171875,379.2000122070313,357.9049377441406,125666800
2022-06-16 13:30:00,370.510009765625,370.94000244140625,364.0799865722656,366.6499938964844,346.0596923828125,134473300
2022-06-17 13:30:00,365.510009765625,369.3800048828125,362.1700134277344,365.8599853515625,346.80572509765625,111113900
2022-06-21 13:30:00,371.8900146484375,376.5299987792969,371.80999755859375,375.0700073242187,355.5361022949219,76811900
2022-06-22 13:30:00,370.6199951171875,378.7200012207031,370.1799926757813,374.3900146484375,354.8914794921875,90059400
2022-06-23 13:30:00,376.6400146484375,378.8299865722656,372.8900146484375,378.05999755859375,358.37042236328125,79292100
2022-06-24 13:30:00,381.3999938964844,390.0899963378906,381.3699951171875,390.0799865722656,369.7643432617187,98050300
2022-06-27 13:30:00,391.0499877929687,391.3599853515625,387.44000244140625,388.5899963378906,368.3519592285156,66009600
2022-06-28 13:30:00,390.2300109863281,393.1600036621094,380.5299987792969,380.6499938964844,360.825439453125,86548900
2022-06-29 13:30:00,381.2300109863281,382.2699890136719,378.4200134277344,380.3399963378906,360.5316162109375,65676000
2022-06-30 13:30:00,376.239990234375,380.6600036621094,372.55999755859375,377.25,357.6025390625,112508300
2022-07-01 13:30:00,376.55999755859375,381.7000122070313,373.7999877929687,381.239990234375,361.384765625,74839700
2022-07-05 13:30:00,375.8800048828125,381.9800109863281,372.8999938964844,381.9599914550781,362.0672912597656,81438000
2022-07-06 13:30:00,382.1099853515625,385.8699951171875,379.6000061035156,383.25,363.2900390625,70426200
2022-07-07 13:30:00,385.1199951171875,389.8299865722656,383.2699890136719,388.989990234375,368.7311096191406,64525900
2022-07-08 13:30:00,387.2699890136719,390.6400146484375,385.6600036621094,388.6700134277344,368.42779541015625,72397800
2022-07-11 13:30:00,385.8500061035156,386.8699951171875,383.5,384.2300109863281,364.2190856933594,58366900
2022-07-12 13:30:00,383.6499938964844,386.1600036621094,378.989990234375,380.8299865722656,360.9961242675781,62219200
2022-07-13 13:30:00,375.1000061035156,381.9200134277344,374.6600036621094,378.8299865722656,359.1002502441406,84224600
2022-07-14 13:30:00,373.6099853515625,379.0499877929687,371.0400085449219,377.9100036621094,358.2281799316406,89704800
2022-07-15 13:30:00,382.5499877929687,385.25,380.5400085449219,385.1300048828125,365.0721740722656,79060400
2022-07-18 13:30:00,388.3800048828125,389.0899963378906,380.6600036621094,381.9500122070313,362.0578308105469,63203600
2022-07-19 13:30:00,386.0799865722656,392.8699951171875,385.3900146484375,392.2699890136719,371.8403015136719,78506000
2022-07-20 13:30:00,392.4700012207031,396.260009765625,391.0299987792969,394.7699890136719,374.2100830078125,71843800
2022-07-21 13:30:00,394.1600036621094,398.8399963378906,391.6300048828125,398.7900085449219,378.020751953125,64903900
2022-07-22 13:30:00,398.9200134277344,400.1799926757813,392.75,395.0899963378906,374.5133666992187,72197300
2022-07-25 13:30:00,395.75,396.4700012207031,393.2099914550781,395.5700073242187,374.9684143066406,53631500
2022-07-26 13:30:00,393.8399963378906,394.05999755859375,389.9500122070313,390.8900146484375,370.53216552734375,52946400
2022-07-27 13:30:00,394.3599853515625,402.8800048828125,394.0499877929687,401.0400085449219,380.153564453125,82342100
2022-07-28 13:30:00,401.8900146484375,406.7999877929687,398.1499938964844,406.0700073242187,384.9215698242187,73966600
2022-07-29 13:30:00,407.5799865722656,413.0299987792969,406.7699890136719,411.989990234375,390.5332946777344,87003700
2022-08-01 13:30:00,409.1499938964844,413.4100036621094,408.3999938964844,410.7699890136719,389.3768310546875,69997500
2022-08-02 13:30:00,409.1199951171875,413.0,406.8200073242187,408.05999755859375,386.8078918457031,63435400
2022-08-03 13:30:00,410.2999877929687,415.6799926757813,410.0,414.4500122070313,392.86517333984375,67820600
2022-08-04 13:30:00,414.3699951171875,415.0899963378906,412.44000244140625,414.1700134277344,392.5997009277344,45656600
2022-08-05 13:30:00,409.6600036621094,414.1499938964844,409.6000061035156,413.4700012207031,391.9361877441406,56814900
2022-08-08 13:30:00,415.25,417.6199951171875,411.8299865722656,412.989990234375,391.4811706542969,53886100
2022-08-09 13:30:00,412.2200012207031,412.75,410.2200012207031,411.3500061035156,389.9266052246094,44931800
2022-08-10 13:30:00,418.7799987792969,420.1400146484375,416.7200012207031,419.989990234375,398.11663818359375,68665700
2022-08-11 13:30:00,422.989990234375,424.9500122070313,419.2099914550781,419.989990234375,398.11663818359375,59489700
2022-08-12 13:30:00,422.0299987792969,427.2099914550781,421.0299987792969,427.1000061035156,404.8563537597656,61694500
2022-08-15 13:30:00,424.7699890136719,429.4100036621094,424.7099914550781,428.8599853515625,406.524658203125,54048300
2022-08-16 13:30:00,427.7300109863281,431.7300109863281,426.8800048828125,429.7000122070313,407.3208923339844,59289000
2022-08-17 13:30:00,425.9100036621094,429.5,424.5400085449219,426.6499938964844,404.4296875,63563400
2022-08-18 13:30:00,426.8599853515625,428.6099853515625,425.5,427.8900146484375,405.605224609375,49023200
2022-08-19 13:30:00,424.9800109863281,425.260009765625,421.2200012207031,422.1400146484375,400.1546936035156,68016900
2022-08-22 13:30:00,417.0499877929687,417.2300109863281,412.3999938964844,413.3500061035156,391.8224487304687,77695600
2022-08-23 13:30:00,412.8999938964844,415.4200134277344,411.7699890136719,412.3500061035156,390.8745422363281,49105200
2022-08-24 13:30:00,412.1099853515625,415.1099853515625,411.3900146484375,413.6700134277344,392.1257934570313,49177800
2022-08-25 13:30:00,415.239990234375,419.55999755859375,414.0899963378906,419.510009765625,397.66162109375,50942300
2022-08-26 13:30:00,419.3900146484375,419.9599914550781,405.25,405.30999755859375,384.2011413574219,103087000
2022-08-29 13:30:00,402.2000122070313,405.8399963378906,401.2000122070313,402.6300048828125,381.6607971191406,65370800
2022-08-30 13:30:00,403.8500061035156,404.1000061035156,396.0,398.2099914550781,377.4709167480469,85652400
2022-08-31 13:30:00,399.9299926757813,401.239990234375,395.0400085449219,395.1799926757813,374.5987548828125,76029700
2022-09-01 13:30:00,392.8900146484375,396.7799987792969,390.0400085449219,396.4200134277344,375.774169921875,78740100
2022-09-02 13:30:00,400.2799987792969,401.55999755859375,390.3299865722656,392.239990234375,371.8118591308594,99632100
2022-09-06 13:30:00,393.1300048828125,394.1199951171875,388.4200134277344,390.760009765625,370.408935546875,76637400
2022-09-07 13:30:00,390.4299926757813,398.5899963378906,390.2000122070313,397.7799987792969,377.0633544921875,70964200
2022-09-08 13:30:00,395.3900146484375,400.8599853515625,394.1199951171875,400.3800048828125,379.5279541015625,80821700
2022-09-09 13:30:00,402.739990234375,407.510009765625,402.4599914550781,406.6000061035156,385.4240112304687,76706900
2022-09-12 13:30:00,408.7799987792969,411.7300109863281,408.4599914550781,410.9700012207031,389.56640625,69256300
2022-09-13 13:30:00,401.8299865722656,403.1000061035156,391.9200134277344,393.1000061035156,372.6270751953125,122947100
2022-09-14 13:30:00,394.4700012207031,396.2000122070313,391.1199951171875,394.6000061035156,374.0489196777344,85023700
2022-09-15 13:30:00,392.9599914550781,395.9599914550781,388.7799987792969,390.1199951171875,369.80224609375,87633800
2022-09-16 13:30:00,384.1400146484375,386.25,382.1099853515625,385.55999755859375,366.9811096191406,103084800
2022-09-19 13:30:00,382.260009765625,388.5499877929687,382.1799926757813,388.5499877929687,369.8270263671875,73278500
2022-09-20 13:30:00,385.05999755859375,386.1199951171875,381.2000122070313,384.0899963378906,365.5819396972656,77274900
2022-09-21 13:30:00,386.1099853515625,389.30999755859375,377.3800048828125,377.3900146484375,359.20477294921875,106746600
2022-09-22 13:30:00,376.5799865722656,378.2999877929687,373.44000244140625,374.2200012207031,356.18756103515625,89472600
2022-09-23 13:30:00,370.5799865722656,370.6199951171875,363.2900085449219,367.9500122070313,350.21966552734375,122346900
2022-09-26 13:30:00,366.4100036621094,370.2099914550781,363.0299987792969,364.30999755859375,346.7550354003906,92581200
2022-09-27 13:30:00,368.0199890136719,370.3999938964844,360.8699951171875,363.3800048828125,345.8699035644531,108294100
2022-09-28 13:30:00,364.3800048828125,372.2999877929687,362.6000061035156,370.5299987792969,352.67529296875,110802200
2022-09-29 13:30:00,366.80999755859375,367.1099853515625,359.70001220703125,362.7900085449219,345.308349609375,112952300
2022-09-30 13:30:00,361.7999877929687,365.9100036621094,357.0400085449219,357.17999267578125,339.9686279296875,153711200
2022-10-03 13:30:00,361.0799865722656,368.5499877929687,359.2099914550781,366.6099853515625,348.9442138671875,89756500
2022-10-04 13:30:00,372.3999938964844,378.0,366.5700073242187,377.9700012207031,359.7568359375,103602800
2022-10-05 13:30:00,373.3900146484375,379.4599914550781,370.9500122070313,377.0899963378906,358.9192199707031,88065700
2022-10-06 13:30:00,375.6199951171875,378.7200012207031,372.6799926757813,373.2000122070313,355.2166442871094,82333500
2022-10-07 13:30:00,368.9700012207031,373.2900085449219,360.94000244140625,362.7900085449219,345.308349609375,107789500
2022-10-10 13:30:00,363.9599914550781,364.2099914550781,357.6700134277344,360.0199890136719,342.6717529296875,76042800
2022-10-11 13:30:00,358.239990234375,363.0299987792969,355.7099914550781,357.739990234375,340.5016174316406,92482800
2022-10-12 13:30:00,358.1700134277344,359.82000732421875,356.29998779296875,356.55999755859375,339.3784484863281,76991800
2022-10-13 13:30:00,349.2099914550781,367.510009765625,348.1099853515625,365.9700012207031,348.3351135253906,147254500
2022-10-14 13:30:00,368.5499877929687,370.260009765625,356.9599914550781,357.6300048828125,340.39697265625,123737000
2022-10-17 13:30:00,364.010009765625,367.9800109863281,357.2799987792969,366.8200073242187,349.14410400390625,93168200
2022-10-18 13:30:00,375.1300048828125,375.4500122070313,367.5199890136719,371.1300048828125,353.2464294433594,97162900
2022-10-19 13:30:00,368.989990234375,371.8500061035156,365.5499877929687,368.5,350.74310302734375,79746900
2022-10-20 13:30:00,368.0299987792969,372.6700134277344,364.6099853515625,365.4100036621094,347.8020324707031,88283100
2022-10-21 13:30:00,365.1199951171875,374.7999877929687,363.5400085449219,374.2900085449219,356.25408935546875,131038400
2022-10-24 13:30:00,375.8900146484375,380.05999755859375,373.1099853515625,378.8699951171875,360.6134643554687,85436900
2022-10-25 13:30:00,378.7900085449219,385.25,378.6700134277344,384.9200134277344,366.3719177246094,78846300
2022-10-26 13:30:00,381.6199951171875,387.5799865722656,381.3500061035156,382.0199890136719,363.6116638183594,104087300
2022-10-27 13:30:00,383.0700073242187,385.0,379.3299865722656,379.9800109863281,361.6700134277344,81971800
2022-10-28 13:30:00,379.8699951171875,389.5199890136719,379.6799926757813,389.0199890136719,370.27435302734375,100302000
2022-10-31 13:30:00,386.44000244140625,388.3999938964844,385.260009765625,386.2099914550781,367.5997314453125,96631300
2022-11-01 13:30:00,390.1400146484375,390.3900146484375,383.2900085449219,384.5199890136719,365.9911804199219,85407600
2022-11-02 13:30:00,383.8999938964844,388.6300048828125,374.760009765625,374.8699951171875,356.80621337890625,126990400
2022-11-03 13:30:00,371.4700012207031,374.2000122070313,368.7900085449219,371.010009765625,353.1322326660156,87100100
2022-11-04 13:30:00,377.0,378.8699951171875,370.0,376.3500061035156,358.2149658203125,103505200
2022-11-07 14:30:00,377.7099914550781,380.5700073242187,375.5299987792969,379.9500122070313,361.641357421875,68286900
2022-11-08 14:30:00,381.1099853515625,385.1199951171875,377.7200012207031,382.0,363.5926818847656,84641100
2022-11-09 14:30:00,379.9299926757813,381.1400146484375,373.6099853515625,374.1300048828125,356.1018371582031,78495500
2022-11-10 14:30:00,388.0499877929687,395.0400085449219,385.6400146484375,394.69000244140625,375.6711730957031,141455800
2022-11-11 14:30:00,395.5899963378906,399.3500061035156,393.6099853515625,398.510009765625,379.30712890625,93839900
2022-11-14 14:30:00,396.6600036621094,400.1799926757813,394.8299865722656,395.1199951171875,376.0804138183594,71903500
2022-11-15 14:30:00,401.1499938964844,402.30999755859375,394.489990234375,398.489990234375,379.2880554199219,93194500
2022-11-16 14:30:00,396.7799987792969,397.7799987792969,394.7900085449219,395.4500122070313,376.3945617675781,68508500
2022-11-17 14:30:00,390.4599914550781,394.9500122070313,390.1400146484375,394.239990234375,375.2428283691406,74496300
2022-11-18 14:30:00,397.739990234375,397.80999755859375,393.0400085449219,396.0299987792969,376.9465637207031,92922500
2022-11-21 14:30:00,394.6400146484375,395.8200073242187,392.6600036621094,394.5899963378906,375.5759582519531,51243200
2022-11-22 14:30:00,396.6300048828125,400.0700073242187,395.1499938964844,399.8999938964844,380.6300964355469,60429000
2022-11-23 14:30:00,399.5499877929687,402.9299926757813,399.30999755859375,402.4200134277344,383.0286560058594,68261600
2022-11-25 14:30:00,401.8299865722656,402.9100036621094,401.5400085449219,402.3299865722656,382.9429931640625,30545400
2022-11-28 14:30:00,399.0899963378906,400.80999755859375,395.1099853515625,395.9100036621094,376.8323974609375,67881600
2022-11-29 14:30:00,396.0499877929687,397.2999877929687,393.2999877929687,395.2300109863281,376.1851501464844,52310000
2022-11-30 14:30:00,395.489990234375,407.6799926757813,393.4800109863281,407.6799926757813,388.03515625,144566700
2022-12-01 14:30:00,408.7699890136719,410.0,404.75,407.3800048828125,387.7496948242187,76398200
2022-12-02 14:30:00,402.25,407.8599853515625,402.1400146484375,406.9100036621094,387.30230712890625,85342700
2022-12-05 14:30:00,403.9500122070313,404.9299926757813,398.1700134277344,399.5899963378906,380.3349914550781,77289800
2022-12-06 14:30:00,399.4200134277344,399.989990234375,391.6400146484375,393.8299865722656,374.85260009765625,77972200
2022-12-07 14:30:00,392.94000244140625,395.6400146484375,391.9700012207031,393.1600036621094,374.21490478515625,65927900
2022-12-08 14:30:00,395.1400146484375,397.3599853515625,393.2699890136719,396.239990234375,377.146484375,60737900
2022-12-09 14:30:00,394.94000244140625,397.6199951171875,393.1499938964844,393.2799987792969,374.3291320800781,81447700
2022-12-12 14:30:00,394.1099853515625,398.9500122070313,393.4100036621094,398.9500122070313,379.7258605957031,75405800
2022-12-13 14:30:00,410.2200012207031,410.489990234375,399.0700073242187,401.9700012207031,382.6003723144531,123782500
2022-12-14 14:30:00,401.6099853515625,405.5,396.30999755859375,399.3999938964844,380.1542053222656,108111300
2022-12-15 14:30:00,394.2999877929687,395.25,387.8900146484375,389.6300048828125,370.8549499511719,117705900
2022-12-16 14:30:00,385.1799926757813,386.5799865722656,381.0400085449219,383.2699890136719,366.4765625,119858000
2022-12-19 14:30:00,383.4700012207031,383.8200073242187,378.2799987792969,380.0199890136719,363.3690185546875,79878100
2022-12-20 14:30:00,379.2300109863281,382.2300109863281,377.8500061035156,380.5400085449219,363.8662414550781,74427200
2022-12-21 14:30:00,383.25,387.4100036621094,382.69000244140625,386.2300109863281,369.306884765625,78167400
2022-12-22 14:30:00,383.0499877929687,386.2099914550781,374.7699890136719,380.7200012207031,364.038330078125,100120900
2022-12-23 14:30:00,379.6499938964844,383.05999755859375,378.0299987792969,382.9100036621094,366.1324157714844,59857300
2022-12-27 14:30:00,382.7900085449219,383.1499938964844,379.6499938964844,381.3999938964844,364.68853759765625,51638200
2022-12-28 14:30:00,381.3299865722656,383.3900146484375,376.4200134277344,376.6600036621094,360.15625,70911500
2022-12-29 14:30:00,379.6300048828125,384.3500061035156,379.0799865722656,383.44000244140625,366.6391906738281,66970900
2022-12-30 14:30:00,380.6400146484375,382.5799865722656,378.4299926757813,382.4299926757813,365.67333984375,84022200
2023-01-03 14:30:00,384.3699951171875,386.4299926757813,377.8299865722656,380.8200073242187,364.1339721679687,74850700
2023-01-04 14:30:00,383.1799926757813,385.8800048828125,380.0,383.760009765625,366.9451599121094,85934100
2023-01-05 14:30:00,381.7200012207031,381.8399963378906,378.760009765625,379.3800048828125,362.7570495605469,76970500
2023-01-06 14:30:00,382.6099853515625,389.25,379.4100036621094,388.0799865722656,371.0758056640625,104189600
2023-01-09 14:30:00,390.3699951171875,393.7000122070313,387.6700134277344,387.8599853515625,370.8655395507813,73978100
2023-01-10 14:30:00,387.25,390.6499938964844,386.2699890136719,390.5799865722656,373.4663391113281,65358100
2023-01-11 14:30:00,392.2300109863281,395.6000061035156,391.3800048828125,395.5199890136719,378.1898498535156,68881100
2023-01-12 14:30:00,396.6700134277344,398.489990234375,392.4200134277344,396.9599914550781,379.5667419433594,90157700
2023-01-13 14:30:00,393.6199951171875,399.1000061035156,393.3399963378906,398.5,381.0392761230469,63903900
2023-01-17 14:30:00,398.4800109863281,400.2300109863281,397.05999755859375,397.7699890136719,380.3412780761719,62677300
2023-01-18 14:30:00,399.010009765625,400.1199951171875,391.2799987792969,391.489990234375,374.33648681640625,99632300
2023-01-19 14:30:00,389.3599853515625,391.0799865722656,387.260009765625,388.6400146484375,371.611328125,86958900
2023-01-20 14:30:00,390.1000061035156,396.0400085449219,388.3800048828125,395.8800048828125,378.53411865234375,91806400
2023-01-23 14:30:00,396.7200012207031,402.6499938964844,395.7200012207031,400.6300048828125,383.0759582519531,84178800
2023-01-24 14:30:00,398.8800048828125,401.1499938964844,397.6400146484375,400.2000122070313,382.6648559570313,59524900
2023-01-25 14:30:00,395.9500122070313,400.7000122070313,393.55999755859375,400.3500061035156,382.8082580566406,84800300
2023-01-26 14:30:00,403.1300048828125,404.9200134277344,400.0299987792969,404.75,387.0154724121094,72287400
2023-01-27 14:30:00,403.6600036621094,408.1600036621094,403.44000244140625,405.6799926757813,387.9046936035156,68346200
2023-01-30 14:30:00,402.7999877929687,405.1300048828125,400.2799987792969,400.5899963378906,383.0377197265625,74202000
2023-01-31 14:30:00,401.1300048828125,406.5299987792969,400.7699890136719,406.4800109863281,388.669677734375,86811800
2023-02-01 14:30:00,405.2099914550781,413.6700134277344,402.3500061035156,410.7999877929687,392.80035400390625,101459200
2023-02-02 14:30:00,414.8599853515625,418.30999755859375,412.8800048828125,416.7799987792969,398.5183715820313,101654500
2023-02-03 14:30:00,411.5899963378906,416.9700012207031,411.0899963378906,412.3500061035156,394.2824096679687,94736800
2023-02-06 14:30:00,409.7900085449219,411.2900085449219,408.1000061035156,409.8299865722656,391.8728332519531,60295300
2023-02-07 14:30:00,408.8699951171875,416.489990234375,407.5700073242187,415.19000244140625,396.998046875,90990700
2023-02-08 14:30:00,413.1300048828125,414.5299987792969,409.9299926757813,410.6499938964844,392.6569519042969,76227500
2023-02-09 14:30:00,414.4100036621094,414.5700073242187,405.80999755859375,407.0899963378906,389.25286865234375,78694900
2023-02-10 14:30:00,405.8599853515625,408.44000244140625,405.010009765625,408.0400085449219,390.1613159179687,70769700
2023-02-13 14:30:00,408.7200012207031,412.9700012207031,408.239990234375,412.8299865722656,394.7413635253906,64913500
2023-02-14 14:30:00,411.239990234375,415.0499877929687,408.510009765625,412.6400146484375,394.5597839355469,88389300
2023-02-15 14:30:00,410.3500061035156,414.05999755859375,409.4700012207031,413.9800109863281,395.841064453125,61555700
2023-02-16 14:30:00,408.7900085449219,412.9100036621094,408.1400146484375,408.2799987792969,390.3907775878906,76431500
2023-02-17 14:30:00,406.05999755859375,407.510009765625,404.0499877929687,407.260009765625,389.41546630859375,89257800
2023-02-21 14:30:00,403.05999755859375,404.1600036621094,398.8200073242187,399.0899963378906,381.6033935546875,82655900
2023-02-22 14:30:00,399.5199890136719,401.1300048828125,397.0199890136719,398.5400085449219,381.0775146484375,83742300
2023-02-23 14:30:00,401.55999755859375,402.2000122070313,396.25,400.6600036621094,383.1046142578125,96242400
2023-02-24 14:30:00,395.4200134277344,397.25,393.6400146484375,396.3800048828125,379.0121765136719,108194400
2023-02-27 14:30:00,399.8699951171875,401.2900085449219,396.75,397.7300109863281,380.3030395507813,80444700
2023-02-28 14:30:00,397.2300109863281,399.2799987792969,396.1499938964844,396.260009765625,378.8974304199219,96438600
2023-03-01 14:30:00,395.4100036621094,396.69000244140625,393.3800048828125,394.739990234375,377.4439697265625,99706800
2023-03-02 14:30:00,392.6799926757813,398.69000244140625,392.3299865722656,397.80999755859375,380.3794860839844,85127800
2023-03-03 14:30:00,399.7099914550781,404.4500122070313,399.0299987792969,404.19000244140625,386.47998046875,90120000
2023-03-06 14:30:00,405.0499877929687,407.4500122070313,404.010009765625,404.4700012207031,386.7477416992187,72795900
2023-03-07 14:30:00,404.4200134277344,404.6700134277344,397.6300048828125,398.2699890136719,380.8193359375,108310600
2023-03-08 14:30:00,398.3900146484375,399.7099914550781,396.5899963378906,398.9200134277344,381.44091796875,74746600
2023-03-09 14:30:00,399.739990234375,401.4800109863281,390.5299987792969,391.55999755859375,374.40338134765625,111945300
2023-03-10 14:30:00,390.989990234375,393.1600036621094,384.3200073242187,385.9100036621094,369.00091552734375,189253000
2023-03-13 13:30:00,381.80999755859375,390.3900146484375,380.6499938964844,385.3599853515625,368.4749450683594,157790000
2023-03-14 13:30:00,390.5,393.4500122070313,387.0499877929687,391.7300109863281,374.5658874511719,149752400
2023-03-15 13:30:00,385.8900146484375,389.489990234375,383.7099914550781,389.2799987792969,372.2233276367187,172996900
2023-03-16 13:30:00,386.8200073242187,396.4700012207031,386.2900085449219,396.1099853515625,378.7539978027344,143254200
2023-03-17 13:30:00,393.2200012207031,394.3999938964844,388.5499877929687,389.989990234375,374.3253479003906,140553400
2023-03-20 13:30:00,390.7999877929687,394.1700134277344,390.0700073242187,393.739990234375,377.92474365234375,93055800
2023-03-21 13:30:00,397.239990234375,399.4100036621094,395.5799865722656,398.9100036621094,382.88714599609375,91524200
2023-03-22 13:30:00,398.7300109863281,402.489990234375,392.0700073242187,392.1099853515625,376.3600769042969,111746600
2023-03-23 13:30:00,395.0899963378906,399.2900085449219,390.3500061035156,393.1700134277344,377.3775939941406,119351300
2023-03-24 13:30:00,391.8399963378906,395.8399963378906,389.3999938964844,395.75,379.85400390625,107682400
2023-03-27 13:30:00,398.1199951171875,398.9200134277344,395.55999755859375,396.489990234375,380.5643005371094,74010400
2023-03-28 13:30:00,395.7699890136719,396.489990234375,393.69000244140625,395.6000061035156,379.7099914550781,62871700
2023-03-29 13:30:00,399.9299926757813,401.6000061035156,398.6799926757813,401.3500061035156,385.22906494140625,77497900
2023-03-30 13:30:00,404.0899963378906,404.3500061035156,401.760009765625,403.7000122070313,387.484619140625,69840000
2023-03-31 13:30:00,404.6600036621094,409.7000122070313,404.5499877929687,409.3900146484375,392.9461975097656,112062600
2023-04-03 13:30:00,408.8500061035156,411.3699951171875,408.44000244140625,410.9500122070313,394.4434509277344,67391100
2023-04-04 13:30:00,411.6199951171875,411.9200134277344,407.239990234375,408.6700134277344,392.2550659179687,66601500
2023-04-05 13:30:00,407.9100036621094,408.7000122070313,405.8800048828125,407.6000061035156,391.22802734375,65200200
2023-04-06 13:30:00,406.7699890136719,409.4800109863281,405.6799926757813,409.19000244140625,392.754150390625,63743300
2023-04-10 13:30:00,406.6099853515625,409.69000244140625,405.9700012207031,409.6099853515625,393.15728759765625,63681000
2023-04-11 13:30:00,410.260009765625,411.1799926757813,408.9200134277344,409.7200012207031,393.2628784179687,59297900
2023-04-12 13:30:00,411.8699951171875,412.1700134277344,407.44000244140625,408.0499877929687,391.6599426269531,86420400
2023-04-13 13:30:00,409.1799926757813,413.8399963378906,407.989990234375,413.4700012207031,396.86224365234375,85814800
2023-04-14 13:30:00,412.80999755859375,415.0899963378906,410.05999755859375,412.4599914550781,395.892822265625,78161500
2023-04-17 13:30:00,412.3699951171875,413.9599914550781,411.0899963378906,413.94000244140625,397.3132934570313,66436400
2023-04-18 13:30:00,415.5799865722656,415.7200012207031,412.7799987792969,414.2099914550781,397.572509765625,63560000
2023-04-19 13:30:00,412.2200012207031,415.0799865722656,412.1600036621094,414.1400146484375,397.5053405761719,55227300
2023-04-20 13:30:00,411.2099914550781,413.7000122070313,410.2699890136719,411.8800048828125,395.3361206054687,75840400
2023-04-21 13:30:00,412.19000244140625,412.6799926757813,410.1700134277344,412.2000122070313,395.6432800292969,73457400
2023-04-24 13:30:00,411.989990234375,413.0700073242187,410.6000061035156,412.6300048828125,396.0559997558594,64332100
2023-04-25 13:30:00,410.5799865722656,411.1600036621094,406.0199890136719,406.0799865722656,389.7690734863281,97766700
2023-04-26 13:30:00,406.7200012207031,407.8399963378906,403.7799987792969,404.3599853515625,388.1181640625,80447000
2023-04-27 13:30:00,407.0,412.69000244140625,406.739990234375,412.4100036621094,395.84478759765625,92968400
2023-04-28 13:30:00,411.489990234375,415.94000244140625,411.4299926757813,415.9299926757813,399.2234191894531,89433100
2023-05-01 13:30:00,415.4700012207031,417.6199951171875,415.2699890136719,415.510009765625,398.8202819824219,62122300
2023-05-02 13:30:00,414.7699890136719,414.8200073242187,407.8200073242187,410.8399963378906,394.3378601074219,103998500
2023-05-03 13:30:00,411.3599853515625,413.8699951171875,407.7699890136719,408.0199890136719,391.6311645507813,91531800
2023-05-04 13:30:00,406.9299926757813,407.2699890136719,403.739990234375,405.1300048828125,388.8572082519531,94901900
2023-05-05 13:30:00,408.9100036621094,413.7200012207031,408.6400146484375,412.6300048828125,396.0559997558594,87891800
2023-05-08 13:30:00,412.9700012207031,413.239990234375,411.2799987792969,412.739990234375,396.16156005859375,50046800
2023-05-09 13:30:00,411.1300048828125,412.0899963378906,410.69000244140625,410.9299926757813,394.4242248535156,49220100
2023-05-10 13:30:00,413.8800048828125,414.5400085449219,408.8699951171875,412.8500061035156,396.2671203613281,96142900
2023-05-11 13:30:00,411.9500122070313,412.4299926757813,409.9700012207031,412.1300048828125,395.57611083984375,70157100
2023-05-12 13:30:00,413.4200134277344,413.6400146484375,409.0700073242187,411.5899963378906,395.0577392578125,70481500
2023-05-15 13:30:00,412.2200012207031,413.4299926757813,410.2300109863281,413.010009765625,396.4207458496094,54289400
2023-05-16 13:30:00,411.8599853515625,412.8200073242187,410.239990234375,410.25,393.7715759277344,57705500
2023-05-17 13:30:00,412.3500061035156,415.8599853515625,410.6400146484375,415.2300109863281,398.5515441894531,87287000
2023-05-18 13:30:00,414.8999938964844,419.6700134277344,414.6700134277344,419.2300109863281,402.3909301757813,97177200
2023-05-19 13:30:00,420.1700134277344,420.7200012207031,417.3500061035156,418.6199951171875,401.805419921875,103793300
2023-05-22 13:30:00,418.6400146484375,420.3900146484375,417.3500061035156,418.7900085449219,401.9685974121094,60745400
2023-05-23 13:30:00,417.0799865722656,418.7200012207031,413.6799926757813,414.0899963378906,397.4573059082031,86383500
2023-05-24 13:30:00,412.4200134277344,412.8200073242187,409.8800048828125,411.0899963378906,394.5778198242187,89213700
2023-05-25 13:30:00,414.739990234375,416.1600036621094,412.4100036621094,414.6499938964844,397.994873046875,90961600
2023-05-26 13:30:00,415.3299865722656,420.7699890136719,415.25,420.0199890136719,403.1491088867187,93830000
2023-05-30 13:30:00,422.0299987792969,422.5799865722656,418.739990234375,420.1799926757813,403.30267333984375,72216000
2023-05-31 13:30:00,418.2799987792969,419.2200012207031,416.2200012207031,417.8500061035156,401.0663757324219,110811800
2023-06-01 13:30:00,418.0899963378906,422.9200134277344,416.7900085449219,421.8200073242187,404.8768615722656,88865000
2023-06-02 13:30:00,424.5,428.739990234375,423.9500122070313,427.9200134277344,410.7318420410156,91426200
2023-06-05 13:30:00,428.2799987792969,429.6199951171875,426.3699951171875,427.1000061035156,409.94476318359375,65460200
2023-06-06 13:30:00,426.6700134277344,428.5799865722656,425.989990234375,428.0299987792969,410.8374328613281,64022200
2023-06-07 13:30:00,428.44000244140625,429.6199951171875,426.1099853515625,426.5499877929687,409.4168395996094,85373300
2023-06-08 13:30:00,426.6199951171875,429.6000061035156,425.8200073242187,429.1300048828125,411.8932495117187,61952800
2023-06-09 13:30:00,429.9599914550781,431.989990234375,428.8699951171875,429.8999938964844,412.6323547363281,85742800
2023-06-12 13:30:00,430.9200134277344,433.8800048828125,430.1700134277344,433.7999877929687,416.3756408691406,76104300
2023-06-13 13:30:00,435.3200073242187,437.3299865722656,434.6300048828125,436.6600036621094,419.1207275390625,95899700
2023-06-14 13:30:00,437.010009765625,439.05999755859375,433.5899963378906,437.1799926757813,419.619873046875,100612100
2023-06-15 13:30:00,436.3299865722656,443.8999938964844,436.2300109863281,442.6000061035156,424.82220458984375,110303100
2023-06-16 13:30:00,443.0199890136719,443.6099853515625,438.9700012207031,439.4599914550781,423.3751525878906,114165800
2023-06-20 13:30:00,437.4500122070313,438.3699951171875,435.0299987792969,437.1799926757813,421.1785583496094,76160400
2023-06-21 13:30:00,436.1600036621094,436.989990234375,434.3299865722656,434.94000244140625,419.0205993652344,76982300
2023-06-22 13:30:00,433.9500122070313,436.6199951171875,433.6000061035156,436.510009765625,420.53314208984375,70637200
2023-06-23 13:30:00,432.9299926757813,435.05999755859375,432.4700012207031,433.2099914550781,417.35394287109375,92074500
2023-06-26 13:30:00,432.6199951171875,434.6099853515625,431.19000244140625,431.44000244140625,415.6486511230469,72823600
2023-06-27 13:30:00,432.3500061035156,436.80999755859375,431.8800048828125,436.1700134277344,420.2055358886719,72813700
2023-06-28 13:30:00,435.0499877929687,437.44000244140625,434.4100036621094,436.3900146484375,420.4175109863281,75636000
2023-06-29 13:30:00,435.9599914550781,438.2799987792969,435.5400085449219,438.1099853515625,422.0744934082031,67882300
2023-06-30 13:30:00,441.44000244140625,444.2999877929687,441.1099853515625,443.2799987792969,427.0552978515625,104964000
2023-07-03 13:30:00,442.9200134277344,444.0799865722656,442.6300048828125,443.7900085449219,427.5466613769531,32793400
2023-07-05 13:30:00,441.9100036621094,443.8900146484375,441.8999938964844,443.1300048828125,426.9108276367187,58418400
2023-07-06 13:30:00,439.4200134277344,440.1000061035156,437.05999755859375,439.6600036621094,423.56787109375,80658300
2023-07-07 13:30:00,438.6300048828125,442.6400146484375,438.2999877929687,438.5499877929687,422.4985046386719,86134200
2023-07-10 13:30:00,438.1799926757813,439.8399963378906,437.5899963378906,439.6600036621094,423.56787109375,62443500
2023-07-11 13:30:00,440.4500122070313,442.9700012207031,439.44000244140625,442.4599914550781,426.265380859375,64463800
2023-07-12 13:30:00,446.3900146484375,447.4800109863281,444.9100036621094,446.0199890136719,429.6950073242187,91924500
2023-07-13 13:30:00,447.8999938964844,450.3800048828125,447.4500122070313,449.55999755859375,433.10546875,72425200
2023-07-14 13:30:00,450.4800109863281,451.3599853515625,448.489990234375,449.2799987792969,432.8357849121094,69815800
2023-07-17 13:30:00,449.1300048828125,451.9299926757813,449.0799865722656,450.8399963378906,434.3385620117187,52680200
2023-07-18 13:30:00,450.5,454.8599853515625,450.0499877929687,454.19000244140625,437.5660400390625,80668200
2023-07-19 13:30:00,455.010009765625,456.4299926757813,454.1099853515625,455.2000122070313,438.5390625,65891700
2023-07-20 13:30:00,454.1700134277344,455.1000061035156,451.44000244140625,452.1799926757813,435.6295776367187,70591600
2023-07-21 13:30:00,453.9599914550781,454.1700134277344,452.1700134277344,452.1799926757813,435.6295776367187,71275600
2023-07-24 13:30:00,453.3699951171875,455.0400085449219,452.2999877929687,454.2000122070313,437.57568359375,54023400
2023-07-25 13:30:00,453.9200134277344,456.739990234375,453.8699951171875,455.44000244140625,438.770263671875,55191200
2023-07-26 13:30:00,454.4700012207031,456.989990234375,453.3800048828125,455.510009765625,438.8377075195313,71052900
2023-07-27 13:30:00,459.0199890136719,459.44000244140625,451.5499877929687,452.489990234375,435.9281921386719,92194400
2023-07-28 13:30:00,455.8800048828125,457.7799987792969,452.489990234375,456.9200134277344,440.1961669921875,80011800
2023-07-31 13:30:00,457.4100036621094,458.1600036621094,456.0499877929687,457.7900085449219,441.0342712402344,62040400
2023-08-01 13:30:00,456.2699890136719,457.25,455.489990234375,456.4800109863281,439.7721862792969,55291500
2023-08-02 13:30:00,453.25,453.5199890136719,449.3500061035156,450.1300048828125,433.6546020507813,93933400
2023-08-03 13:30:00,448.0400085449219,450.7900085449219,447.3699951171875,448.8399963378906,432.4118347167969,64276100
2023-08-04 13:30:00,450.7200012207031,452.8999938964844,446.2699890136719,446.80999755859375,430.45611572265625,100128900
2023-08-07 13:30:00,448.7099914550781,450.8699951171875,447.989990234375,450.7099914550781,434.2133483886719,58357500
2023-08-08 13:30:00,448.0799865722656,450.7000122070313,445.2699890136719,448.75,432.3251037597656,71361300
2023-08-09 13:30:00,449.0299987792969,449.2000122070313,444.9599914550781,445.75,429.4349060058594,78789600
2023-08-10 13:30:00,448.19000244140625,451.7000122070313,444.7000122070313,445.9100036621094,429.5890502929687,93005500
2023-08-11 13:30:00,443.9700012207031,446.7000122070313,443.3500061035156,445.6499938964844,429.3385314941406,68690900
2023-08-14 13:30:00,444.7000122070313,448.1099853515625,444.3800048828125,448.1099853515625,431.7085266113281,47867400
2023-08-15 13:30:00,446.2699890136719,446.6400146484375,442.2999877929687,442.8900146484375,426.6796569824219,75707500
2023-08-16 13:30:00,442.4599914550781,444.1799926757813,439.5299987792969,439.6400146484375,423.5486450195313,80107200
2023-08-17 13:30:00,441.1600036621094,441.4299926757813,435.75,436.2900085449219,420.3211975097656,95711300
2023-08-18 13:30:00,433.3699951171875,437.5700073242187,433.010009765625,436.5,420.5234680175781,98852000
2023-08-21 13:30:00,437.5499877929687,440.1099853515625,435.3200073242187,439.3399963378906,423.259521484375,68719000
2023-08-22 13:30:00,441.1799926757813,441.1799926757813,437.5700073242187,438.1499938964844,422.1130676269531,64994200
2023-08-23 13:30:00,439.25,443.6700134277344,439.1000061035156,443.0299987792969,426.8144836425781,68441000
2023-08-24 13:30:00,444.69000244140625,445.2200012207031,436.8599853515625,436.8900146484375,420.8992309570313,88517300
2023-08-25 13:30:00,438.6799926757813,441.2999877929687,435.0,439.9700012207031,423.8665161132813,102325100
2023-08-28 13:30:00,442.239990234375,443.3999938964844,439.9700012207031,442.760009765625,426.5543823242187,61595400
2023-08-29 13:30:00,442.6499938964844,449.4500122070313,442.4599914550781,449.1600036621094,432.7200927734375,83081900
2023-08-30 13:30:00,449.510009765625,451.6700134277344,448.7799987792969,451.010009765625,434.5023498535156,69053900
2023-08-31 13:30:00,451.6499938964844,452.8299865722656,450.1600036621094,450.3500061035156,433.8665466308594,66084600
2023-09-01 13:30:00,453.1700134277344,453.6700134277344,449.6799926757813,451.19000244140625,434.6758728027344,58944100
2023-09-05 13:30:00,450.7300109863281,451.05999755859375,449.1700134277344,449.239990234375,432.7971496582031,55166200
2023-09-06 13:30:00,448.3999938964844,448.510009765625,443.80999755859375,446.2200012207031,429.88775634765625,70758500
2023-09-07 13:30:00,443.1099853515625,445.5499877929687,442.75,444.8500061035156,428.5679016113281,70355400
2023-09-08 13:30:00,444.8999938964844,447.1099853515625,444.5299987792969,445.5199890136719,429.2133483886719,61659700
2023-09-11 13:30:00,448.239990234375,448.7699890136719,446.4700012207031,448.4500122070313,432.0361328125,60180100
2023-09-12 13:30:00,446.9500122070313,448.5299987792969,445.3900146484375,445.989990234375,429.6661071777344,67565400
2023-09-13 13:30:00,446.2200012207031,447.7099914550781,445.0799865722656,446.510009765625,430.1671142578125,60199300
2023-09-14 13:30:00,449.0700073242187,451.0799865722656,447.7200012207031,450.3599853515625,433.8762512207031,83430800
2023-09-15 13:30:00,447.1400146484375,447.4800109863281,442.9200134277344,443.3699951171875,428.6487121582031,111848900
2023-09-18 13:30:00,443.0499877929687,444.9700012207031,442.55999755859375,443.6300048828125,428.9000549316406,55752200
2023-09-19 13:30:00,442.6799926757813,443.2900085449219,439.94000244140625,442.7099914550781,428.0106506347656,66514600
2023-09-20 13:30:00,444.010009765625,444.44000244140625,438.4299926757813,438.6400146484375,424.0758056640625,82562600
2023-09-21 13:30:00,435.7000122070313,435.9700012207031,431.2300109863281,431.3900146484375,417.0664978027344,104095800
2023-09-22 13:30:00,432.4500122070313,434.1000061035156,429.989990234375,430.4200134277344,416.1286926269531,100829700
2023-09-25 13:30:00,429.1700134277344,432.2699890136719,428.7200012207031,432.2300109863281,417.8786010742187,70874500
2023-09-26 13:30:00,429.0899963378906,429.8200073242187,425.0199890136719,425.8800048828125,411.739501953125,96168400
2023-09-27 13:30:00,427.0899963378906,427.6700134277344,422.2900085449219,426.0499877929687,411.9037170410156,104705800
2023-09-28 13:30:00,425.4800109863281,430.25,424.8699951171875,428.5199890136719,414.291748046875,92258300
2023-09-29 13:30:00,431.6700134277344,431.8500061035156,425.9100036621094,427.4800109863281,413.2863159179687,115111300
2023-10-02 13:30:00,426.6199951171875,428.6000061035156,424.4599914550781,427.30999755859375,413.1219482421875,83798600
2023-10-03 13:30:00,425.05999755859375,427.3699951171875,420.1799926757813,421.5899963378906,407.5918273925781,103760600
2023-10-04 13:30:00,422.0700073242187,425.4299926757813,420.55999755859375,424.6600036621094,410.5599670410156,87453000
2023-10-05 13:30:00,424.3599853515625,425.3699951171875,421.1700134277344,424.5,410.4052429199219,70142700
2023-10-06 13:30:00,421.9700012207031,431.1300048828125,420.6000061035156,429.5400085449219,415.2779235839844,113273300
2023-10-09 13:30:00,427.5799865722656,432.8800048828125,427.010009765625,432.2900085449219,417.9366760253906,80374400
2023-10-10 13:30:00,432.94000244140625,437.2200012207031,432.5299987792969,434.5400085449219,420.1119384765625,78607300
2023-10-11 13:30:00,435.6400146484375,436.5799865722656,433.1799926757813,436.3200073242187,421.8327941894531,62451700
2023-10-12 13:30:00,436.9500122070313,437.3399963378906,431.2300109863281,433.6600036621094,419.2611083984375,81154200
2023-10-13 13:30:00,435.2099914550781,436.4500122070313,429.8800048828125,431.5,417.1728515625,95143100
2023-10-16 13:30:00,433.8200073242187,437.1400146484375,433.5700073242187,436.0400085449219,421.56207275390625,75433200
2023-10-17 13:30:00,432.80999755859375,438.1400146484375,432.4500122070313,436.0199890136719,421.5426940917969,75324700
2023-10-18 13:30:00,434.19000244140625,435.1799926757813,429.0899963378906,430.2099914550781,415.9256896972656,93559800
2023-10-19 13:30:00,430.9500122070313,432.8200073242187,425.7300109863281,426.4299926757813,412.2711791992187,121323000
2023-10-20 13:30:00,425.9800109863281,426.5400085449219,421.0799865722656,421.19000244140625,407.2052001953125,123919900
2023-10-23 13:30:00,419.6099853515625,424.4500122070313,417.7999877929687,420.4599914550781,406.4993896484375,92035100
2023-10-24 13:30:00,422.6499938964844,424.8200073242187,420.739990234375,423.6300048828125,409.5641784667969,78564200
2023-10-25 13:30:00,421.8900146484375,421.9200134277344,417.0199890136719,417.5499877929687,403.6860046386719,94223200
2023-10-26 13:30:00,416.4500122070313,417.3299865722656,411.6000061035156,412.5499877929687,398.8520202636719,115156800
2023-10-27 13:30:00,414.19000244140625,414.6000061035156,409.2099914550781,410.6799926757813,397.0441284179687,107367700
2023-10-30 13:30:00,413.55999755859375,416.6799926757813,412.2200012207031,415.5899963378906,401.7911071777344,86562700
2023-10-31 13:30:00,416.1799926757813,418.5299987792969,414.2099914550781,418.2000122070313,404.314453125,79665200
2023-11-01 13:30:00,419.2000122070313,423.5,418.6499938964844,422.6600036621094,408.6263732910156,98068100
2023-11-02 13:30:00,426.5799865722656,430.9200134277344,426.55999755859375,430.760009765625,416.4574279785156,94938900
2023-11-03 13:30:00,433.1400146484375,436.2900085449219,433.010009765625,434.69000244140625,420.2569580078125,100167800
2023-11-06 14:30:00,435.4700012207031,436.1499938964844,433.6799926757813,435.69000244140625,421.2236633300781,67831700
2023-11-07 14:30:00,435.69000244140625,437.5899963378906,434.510009765625,436.9299926757813,422.4225463867187,64256100
2023-11-08 14:30:00,437.5499877929687,438.0899963378906,434.8699951171875,437.25,422.73193359375,61746000
2023-11-09 14:30:00,438.4299926757813,438.4700012207031,433.3999938964844,433.8399963378906,419.4351501464844,83174400
2023-11-10 14:30:00,435.9800109863281,440.9299926757813,433.8299865722656,440.6099853515625,425.9803161621094,89462200
2023-11-13 14:30:00,439.2300109863281,441.3299865722656,438.4200134277344,440.19000244140625,425.57427978515625,52236100
2023-11-14 14:30:00,446.3200073242187,450.05999755859375,446.0899963378906,448.7300109863281,433.8307800292969,97176900
2023-11-15 14:30:00,450.1099853515625,451.3800048828125,448.7999877929687,449.6799926757813,434.7492065429687,77327600
2023-11-16 14:30:00,449.2200012207031,450.55999755859375,448.1199951171875,450.2300109863281,435.2809448242187,66665800
2023-11-17 14:30:00,450.239990234375,451.4200134277344,449.2900085449219,450.7900085449219,435.82232666015625,83133200
2023-11-20 14:30:00,450.5299987792969,455.1300048828125,450.5199890136719,454.260009765625,439.1771545410156,69936200
2023-11-21 14:30:00,453.1799926757813,454.1300048828125,451.9599914550781,453.2699890136719,438.2200012207031,49244600
2023-11-22 14:30:00,454.9800109863281,456.3800048828125,453.8900146484375,455.0199890136719,439.9118957519531,59394900
2023-11-24 14:30:00,455.0700073242187,455.5,454.7300109863281,455.2999877929687,440.18255615234375,29737400
2023-11-27 14:30:00,454.6499938964844,455.489990234375,454.0799865722656,454.4800109863281,439.389892578125,50506000
2023-11-28 14:30:00,454.0799865722656,456.2699890136719,453.5,454.9299926757813,439.8248901367187,62115000
2023-11-29 14:30:00,457.1499938964844,458.3200073242187,454.2000122070313,454.6099853515625,439.51556396484375,63146000
2023-11-30 14:30:00,455.4800109863281,456.760009765625,453.3399963378906,456.3999938964844,441.2460632324219,79752700
2023-12-01 14:30:00,455.7699890136719,459.6499938964844,455.1600036621094,459.1000061035156,443.8564758300781,89183400
2023-12-04 14:30:00,455.6000061035156,459.1199951171875,454.3399963378906,456.69000244140625,441.5264587402344,72430900
2023-12-05 14:30:00,455.260009765625,457.5899963378906,454.8699951171875,456.6000061035156,441.4394836425781,69793500
2023-12-06 14:30:00,458.80999755859375,458.8399963378906,454.30999755859375,454.760009765625,439.6605224609375,69124700
2023-12-07 14:30:00,456.9100036621094,458.8999938964844,456.2900085449219,458.2300109863281,443.0153198242187,66995400
2023-12-08 14:30:00,457.4599914550781,460.75,457.2099914550781,460.2000122070313,444.919921875,83194400
2023-12-11 14:30:00,459.69000244140625,462.1700134277344,459.4700012207031,461.989990234375,446.65045166015625,65002200
2023-12-12 14:30:00,461.6300048828125,464.2000122070313,460.6000061035156,464.1000061035156,448.6904296875,68327600
2023-12-13 14:30:00,464.489990234375,470.760009765625,464.1199951171875,470.5,454.8778991699219,93278000
2023-12-14 14:30:00,472.5,473.7300109863281,469.25,472.010009765625,456.3377685546875,119026000
2023-12-15 14:30:00,469.489990234375,470.7000122070313,467.4299926757813,469.3299865722656,455.58642578125,141553700
2023-12-18 14:30:00,470.9800109863281,472.9800109863281,469.8900146484375,471.9700012207031,458.1491394042969,70375300
2023-12-19 14:30:00,472.5299987792969,474.9200134277344,472.4500122070313,474.8399963378906,460.9350280761719,55761800
2023-12-20 14:30:00,473.9599914550781,475.8999938964844,467.8200073242187,468.260009765625,454.54779052734375,102921000
2023-12-21 14:30:00,471.3299865722656,472.9800109863281,468.8399963378906,472.7000122070313,458.8577575683594,86667500
2023-12-22 14:30:00,473.8599853515625,475.3800048828125,471.7000122070313,473.6499938964844,459.7799682617187,67160400
2023-12-26 14:30:00,474.0700073242187,476.5799865722656,473.989990234375,475.6499938964844,461.7213134765625,55387000
2023-12-27 14:30:00,475.44000244140625,476.6600036621094,474.8900146484375,476.510009765625,462.5561828613281,68000300
2023-12-28 14:30:00,476.8800048828125,477.5499877929687,476.260009765625,476.69000244140625,462.73089599609375,77158100
2023-12-29 14:30:00,476.489990234375,477.0299987792969,473.2999877929687,475.30999755859375,461.3912658691406,122283100
2024-01-02 14:30:00,472.1600036621094,473.6700134277344,470.489990234375,472.6499938964844,458.8092041015625,123623700
2024-01-03 14:30:00,470.4299926757813,471.19000244140625,468.1700134277344,468.7900085449219,455.062255859375,103585900
2024-01-04 14:30:00,468.2999877929687,470.9599914550781,467.0499877929687,467.2799987792969,453.5964660644531,84232200
2024-01-05 14:30:00,467.489990234375,470.44000244140625,466.4299926757813,467.9200134277344,454.21771240234375,86118900
2024-01-08 14:30:00,468.4299926757813,474.75,468.2999877929687,474.6000061035156,460.7020568847656,74879100
2024-01-09 14:30:00,471.8699951171875,474.9299926757813,471.3500061035156,473.8800048828125,460.0032043457031,65931400
2024-01-10 14:30:00,474.1600036621094,477.4500122070313,473.8699951171875,476.55999755859375,462.604736328125,67310600
2024-01-11 14:30:00,477.5899963378906,478.1199951171875,472.260009765625,476.3500061035156,462.4008483886719,77940700
2024-01-12 14:30:00,477.8399963378906,478.6000061035156,475.2300109863281,476.6799926757813,462.72119140625,58026400
2024-01-16 14:30:00,475.260009765625,476.6099853515625,473.05999755859375,474.9299926757813,461.02239990234375,85014900
2024-01-17 14:30:00,471.8200073242187,472.7900085449219,469.8699951171875,472.2900085449219,458.4597473144531,68843900
2024-01-18 14:30:00,474.010009765625,477.05999755859375,472.4200134277344,476.489990234375,462.5367431640625,91856200
2024-01-19 14:30:00,477.6499938964844,482.7200012207031,476.5400085449219,482.4299926757813,468.30279541015625,110834500
2024-01-22 14:30:00,484.010009765625,485.2200012207031,482.7799987792969,483.4500122070313,469.2929382324219,75844900
2024-01-23 14:30:00,484.010009765625,485.1099853515625,482.8900146484375,484.8599853515625,470.66162109375,49945300
2024-01-24 14:30:00,487.80999755859375,488.7699890136719,484.8800048828125,485.3900146484375,471.1761779785156,81765000
2024-01-25 14:30:00,487.5799865722656,488.30999755859375,485.3900146484375,488.0299987792969,473.73883056640625,72525000
2024-01-26 14:30:00,487.5899963378906,489.1199951171875,486.5400085449219,487.4100036621094,473.1369934082031,76641600
2024-01-29 14:30:00,487.7300109863281,491.4200134277344,487.1700134277344,491.2699890136719,476.8839111328125,61322800
2024-01-30 14:30:00,490.55999755859375,491.6199951171875,490.1099853515625,490.8900146484375,476.5151062011719,58618400
2024-01-31 14:30:00,488.6199951171875,489.0799865722656,482.8599853515625,482.8800048828125,468.7396545410156,126011100
2024-02-01 14:30:00,484.6300048828125,489.2300109863281,483.7999877929687,489.2000122070313,474.8746032714844,91891600
2024-02-02 14:30:00,489.6499938964844,496.0499877929687,489.2999877929687,494.3500061035156,479.873779296875,99228200
2024-02-05 14:30:00,493.7000122070313,494.3800048828125,490.2300109863281,492.5499877929687,478.12646484375,75757100
2024-02-06 14:30:00,493.5199890136719,494.3200073242187,492.0499877929687,493.9800109863281,479.5146484375,55918600
2024-02-07 14:30:00,496.2900085449219,498.5299987792969,495.3599853515625,498.1000061035156,483.5139770507813,70556500
2024-02-08 14:30:00,498.1000061035156,498.7099914550781,497.260009765625,498.3200073242187,483.7275085449219,52343600
2024-02-09 14:30:00,498.8399963378906,501.6499938964844,498.489990234375,501.2000122070313,486.5231628417969,63979400
2024-02-12 14:30:00,501.1700134277344,503.5,500.239990234375,500.9800109863281,486.3096008300781,56502300
2024-02-13 14:30:00,494.5299987792969,497.0899963378906,490.7200012207031,494.0799865722656,479.6116333007813,113099200
2024-02-14 14:30:00,496.7900085449219,499.0700073242187,494.3999938964844,498.5700073242187,483.97015380859375,68387800
2024-02-15 14:30:00,499.2900085449219,502.2000122070313,498.7999877929687,502.010009765625,487.3094482421875,61683000
2024-02-16 14:30:00,501.7000122070313,502.8699951171875,498.75,499.510009765625,484.8826904296875,75532900
2024-02-20 14:30:00,497.7200012207031,498.4100036621094,494.4500122070313,496.760009765625,482.2131958007813,71736700
2024-02-21 14:30:00,495.4200134277344,497.3699951171875,493.55999755859375,497.2099914550781,482.6499938964844,59293400
2024-02-22 14:30:00,504.010009765625,508.489990234375,503.0199890136719,507.5,492.638671875,76402500
2024-02-23 14:30:00,509.2699890136719,510.1300048828125,507.1000061035156,507.8500061035156,492.97845458984375,61321800
2024-02-26 14:30:00,508.2999877929687,508.75,505.8599853515625,505.989990234375,491.1728820800781,50386700
2024-02-27 14:30:00,506.7000122070313,507.1600036621094,504.75,506.9299926757813,492.08538818359375,48854500
2024-02-28 14:30:00,505.3299865722656,506.8599853515625,504.9599914550781,506.260009765625,491.43499755859375,56506600
2024-02-29 14:30:00,508.0700073242187,509.739990234375,505.3500061035156,508.0799865722656,493.2016906738281,83924800
2024-03-01 14:30:00,508.9800109863281,513.2899780273438,508.55999755859375,512.8499755859375,497.83197021484375,76844800
2024-03-04 14:30:00,512.030029296875,514.2000122070312,512.0,512.2999877929688,497.2981262207031,49799300
2024-03-05 14:30:00,510.239990234375,510.7000122070313,504.9100036621094,507.1799926757813,492.3280334472656,72855600
2024-03-06 14:30:00,510.5499877929687,512.0700073242188,508.4200134277344,509.75,494.8227233886719,68382400
2024-03-07 14:30:00,513.1400146484375,515.8900146484375,509.80999755859375,514.8099975585938,499.7346496582031,58652100
2024-03-08 14:30:00,515.4600219726562,518.219970703125,511.1300048828125,511.7200012207031,496.7350769042969,86532500
2024-03-11 13:30:00,510.4800109863281,511.8800048828125,508.5,511.2799987792969,496.3079528808594,62557200
2024-03-12 13:30:00,513.4500122070312,517.3800048828125,510.8599853515625,516.780029296875,501.64691162109375,73114400
2024-03-13 13:30:00,517.1099853515625,517.2899780273438,514.489990234375,515.969970703125,500.860595703125,55104100
2024-03-14 13:30:00,516.969970703125,517.1300048828125,511.8200073242187,514.9500122070312,499.87054443359375,110171800
2024-03-15 13:30:00,510.2099914550781,511.7000122070313,508.1199951171875,509.8299865722656,496.4381713867187,107646300
2024-03-18 13:30:00,514.0,515.47998046875,512.4400024414062,512.8599853515625,499.3885498046875,88893300
2024-03-19 13:30:00,512.1500244140625,516.0,511.1199951171875,515.7100219726562,502.1636962890625,60755300
2024-03-20 13:30:00,515.77001953125,520.6199951171875,515.0800170898438,520.47998046875,506.8084106445313,69594600
2024-03-21 13:30:00,523.3900146484375,524.1099853515625,521.9099731445312,522.2000122070312,508.4831237792969,60256100
2024-03-22 13:30:00,522.1099853515625,522.6099853515625,520.969970703125,521.2100219726562,507.5192565917969,79070800
2024-03-25 13:30:00,519.7999877929688,520.9500122070312,519.6099853515625,519.77001953125,506.1170654296875,48512100
2024-03-26 13:30:00,521.22998046875,521.5800170898438,518.4000244140625,518.8099975585938,505.1822814941406,65463700
2024-03-27 13:30:00,521.7100219726562,523.2100219726562,519.489990234375,523.1699829101562,509.4277648925781,82999800
2024-03-28 13:30:00,523.2100219726562,524.6099853515625,522.780029296875,523.0700073242188,509.3304138183594,96294900
2024-04-01 13:30:00,523.8300170898438,524.3800048828125,520.969970703125,522.1599731445312,508.4441223144531,62477500
2024-04-02 13:30:00,518.239990234375,518.97998046875,516.47998046875,518.8400268554688,505.2115173339844,74230300
2024-04-03 13:30:00,517.719970703125,520.9500122070312,517.6699829101562,519.4099731445312,505.7664489746094,59155800
2024-04-04 13:30:00,523.52001953125,523.8699951171875,512.760009765625,513.0700073242188,499.5930786132813,96858100
2024-04-05 13:30:00,514.4600219726562,520.4400024414062,514.010009765625,518.4299926757812,504.8121337890625,74546500
2024-04-08 13:30:00,519.1500244140625,520.1799926757812,517.8900146484375,518.719970703125,505.0945739746094,48401800
2024-04-09 13:30:00,520.5,520.75,514.3499755859375,519.3200073242188,505.6788330078125,68049200
2024-04-10 13:30:00,513.47998046875,516.1599731445312,512.0900268554688,514.1199951171875,500.6154174804687,82652800
2024-04-11 13:30:00,515.6799926757812,519.47998046875,512.0800170898438,518.0,504.3935546875,70099000
2024-04-12 13:30:00,514.3699951171875,515.8200073242188,509.0799865722656,510.8500061035156,497.431396484375,92561100
2024-04-15 13:30:00,515.1300048828125,515.2999877929688,503.5799865722656,504.4500122070313,491.1994934082031,92101400
2024-04-16 13:30:00,504.94000244140625,506.5,502.2099914550781,503.5299987792969,490.3036193847656,73484000
2024-04-17 13:30:00,506.0499877929687,506.2200012207031,499.1199951171875,500.5499877929687,487.40185546875,75910300
2024-04-18 13:30:00,501.9800109863281,504.1300048828125,498.55999755859375,499.5199890136719,486.3989562988281,74548100
2024-04-19 13:30:00,499.44000244140625,500.4599914550781,493.8599853515625,495.1600036621094,482.1534729003906,102212600
2024-04-22 13:30:00,497.8299865722656,502.3800048828125,495.4299926757813,499.7200012207031,486.5936584472656,67961000
2024-04-23 13:30:00,501.7799987792969,506.0899963378906,499.5299987792969,505.6499938964844,492.3679504394531,64633600
2024-04-24 13:30:00,506.55999755859375,507.3699951171875,503.1300048828125,505.4100036621094,492.1342468261719,55928100
2024-04-25 13:30:00,499.1799926757813,504.2699890136719,497.489990234375,503.489990234375,490.2646789550781,69122400
2024-04-26 13:30:00,506.3500061035156,509.8800048828125,505.7000122070313,508.260009765625,494.9093627929687,64306100
2024-04-29 13:30:00,510.0899963378906,510.75,507.25,510.05999755859375,496.6620788574219,46415400
2024-04-30 13:30:00,508.55999755859375,509.55999755859375,501.9800109863281,501.9800109863281,488.7943420410156,77483600
2024-05-01 13:30:00,501.3800048828125,508.19000244140625,499.8699951171875,500.3500061035156,487.2071228027344,80242800
2024-05-02 13:30:00,504.1499938964844,505.8900146484375,499.5499877929687,505.0299987792969,491.76422119140625,62550200
2024-05-03 13:30:00,511.1600036621094,512.5499877929688,508.55999755859375,511.2900085449219,497.85980224609375,72756700
2024-05-06 13:30:00,513.75,516.6099853515625,513.2999877929688,516.5700073242188,503.0011596679687,47264700
2024-05-07 13:30:00,517.5599975585938,518.5700073242188,516.4500122070312,517.1400146484375,503.5561218261719,52561300
2024-05-08 13:30:00,515.260009765625,517.739990234375,515.1400146484375,517.1900024414062,503.6047668457031,42047200
2024-05-09 13:30:00,517.3800048828125,520.2100219726562,516.7100219726562,520.1699829101562,506.5065307617187,43643700
2024-05-10 13:30:00,521.8099975585938,522.6400146484375,519.5900268554688,520.8400268554688,507.1589965820313,52233200
2024-05-13 13:30:00,522.5599975585938,522.6699829101562,519.739990234375,520.9099731445312,507.2270202636719,36716400
2024-05-14 13:30:00,521.1099853515625,523.8300170898438,520.5599975585938,523.2999877929688,509.5543518066406,57535900
2024-05-15 13:30:00,525.8300170898438,530.0800170898438,525.1799926757812,529.780029296875,515.8641357421875,59504900
2024-05-16 13:30:00,529.8800048828125,531.52001953125,528.5399780273438,528.6900024414062,514.8026733398438,50244800
2024-05-17 13:30:00,528.8099975585938,529.52001953125,527.3200073242188,529.4500122070312,515.542724609375,59187600
2024-05-20 13:30:00,529.5700073242188,531.5599975585938,529.1699829101562,530.0599975585938,516.1367797851562,37764200
2024-05-21 13:30:00,529.280029296875,531.52001953125,529.0700073242188,531.3599853515625,517.4026489257812,33437000
2024-05-22 13:30:00,530.6500244140625,531.3800048828125,527.5999755859375,529.8300170898438,515.9127197265625,48390000
2024-05-23 13:30:00,532.9600219726562,533.0700073242188,524.719970703125,525.9600219726562,512.1444091796875,57211200
2024-05-24 13:30:00,527.8499755859375,530.27001953125,526.8800048828125,529.4400024414062,515.5330200195312,41291100
2024-05-28 13:30:00,530.27001953125,530.510009765625,527.1099853515625,529.8099975585938,515.893310546875,36269600
2024-05-29 13:30:00,525.6799926757812,527.3099975585938,525.3699951171875,526.0999755859375,512.2807006835938,45190300
2024-05-30 13:30:00,524.52001953125,525.2000122070312,521.3300170898438,522.6099853515625,508.8824157714844,46377600
2024-05-31 13:30:00,523.5900268554688,527.5,518.3599853515625,527.3699951171875,513.5173950195312,90785800
2024-06-03 13:30:00,529.02001953125,529.3099975585938,522.5999755859375,527.7999877929688,513.9360961914062,46835700
2024-06-04 13:30:00,526.4600219726562,529.1500244140625,524.9600219726562,528.3900146484375,514.5106201171875,34632700
2024-06-05 13:30:00,530.77001953125,534.6900024414062,528.72998046875,534.6699829101562,520.6256713867188,47610400
2024-06-06 13:30:00,534.97998046875,535.4199829101562,532.6799926757812,534.6599731445312,520.6158447265625,30808500
2024-06-07 13:30:00,533.6599731445312,536.8900146484375,532.5399780273438,534.010009765625,519.9830322265625,43224500
2024-06-10 13:30:00,533.1799926757812,535.989990234375,532.5700073242188,535.6599731445312,521.5896606445312,35686100
2024-06-11 13:30:00,534.0700073242188,537.010009765625,532.0499877929688,536.9500122070312,522.8457641601562,36383400
2024-06-12 13:30:00,541.6300048828125,544.1199951171875,540.2999877929688,541.3599853515625,527.139892578125,63251300
2024-06-13 13:30:00,543.1500244140625,543.3300170898438,539.5900268554688,542.4500122070312,528.2012939453125,44760900
2024-06-14 13:30:00,540.8800048828125,542.8099975585938,539.8499755859375,542.780029296875,528.522705078125,40089900
2024-06-17 13:30:00,542.0800170898438,548.530029296875,541.6099853515625,547.0999755859375,532.729248046875,55839500
2024-06-18 13:30:00,547.1599731445312,548.6199951171875,546.72998046875,548.489990234375,534.0826416015625,41376400
2024-06-20 13:30:00,549.4400024414062,550.1199951171875,545.1799926757812,547.0,532.6317138671875,70328200
2024-06-21 13:30:00,544.4000244140625,545.6500244140625,543.02001953125,544.510009765625,531.9177856445312,64338600
2024-06-24 13:30:00,544.3300170898438,546.9500122070312,542.6199951171875,542.739990234375,530.1885986328125,45528700
2024-06-25 13:30:00,543.989990234375,545.2000122070312,542.4400024414062,544.8300170898438,532.2302856445312,37936200
2024-06-26 13:30:00,543.6900024414062,546.239990234375,543.030029296875,545.510009765625,532.89453125,38550600
2024-06-27 13:30:00,545.3699951171875,546.9600219726562,544.6099853515625,546.3699951171875,533.7347412109375,35041500
2024-06-28 13:30:00,547.1599731445312,550.280029296875,542.9500122070312,544.219970703125,531.6343994140625,76144500
2024-07-01 13:30:00,545.6300048828125,545.8800048828125,542.52001953125,545.3400268554688,532.728515625,40297800
2024-07-02 13:30:00,543.7000122070312,549.010009765625,543.6500244140625,549.010009765625,536.3136596679688,40434800
2024-07-03 13:30:00,548.6900024414062,551.8300170898438,548.6500244140625,551.4600219726562,538.7069702148438,32789900
2024-07-05 13:30:00,551.77001953125,555.0499877929688,551.1199951171875,554.6400146484375,541.8134155273438,41488400
2024-07-08 13:30:00,555.4400024414062,556.25,554.1900024414062,555.280029296875,542.4385986328125,36110500
2024-07-09 13:30:00,556.260009765625,557.1799926757812,555.52001953125,555.8200073242188,542.966064453125,27289700
2024-07-10 13:30:00,557.0700073242188,561.6699829101562,556.77001953125,561.3200073242188,548.3389892578125,38701200
2024-07-11 13:30:00,561.4400024414062,562.3300170898438,555.8300170898438,556.47998046875,543.61083984375,53054200
2024-07-12 13:30:00,557.6300048828125,563.6699829101562,557.1500244140625,559.989990234375,547.0396728515625,53084400
2024-07-15 13:30:00,562.030029296875,564.8400268554688,559.6300048828125,561.530029296875,548.5440673828125,40584300
2024-07-16 13:30:00,562.8699951171875,565.1599731445312,562.0999755859375,564.8599853515625,551.7969970703125,36475300
2024-07-17 13:30:00,558.7999877929688,560.510009765625,556.6099853515625,556.9400024414062,544.0602416992188,57119000
2024-07-18 13:30:00,558.510009765625,559.52001953125,550.4299926757812,552.6599731445312,539.879150390625,56270400
2024-07-19 13:30:00,552.4199829101562,554.0800170898438,547.9099731445312,548.989990234375,536.2940673828125,65509100
2024-07-22 13:30:00,553.0,555.27001953125,551.02001953125,554.6500244140625,541.8231811523438,43346700
2024-07-23 13:30:00,554.5399780273438,556.739990234375,553.280029296875,553.780029296875,540.9732666015625,34439600
2024-07-24 13:30:00,548.8599853515625,549.1699829101562,540.2899780273438,541.22998046875,528.7135620117188,74515300
2024-07-25 13:30:00,541.3499755859375,547.4600219726562,537.4500122070312,538.4099731445312,525.9586791992188,61158300
2024-07-26 13:30:00,542.280029296875,547.1900024414062,541.489990234375,544.4400024414062,531.849365234375,53763800
2024-07-29 13:30:00,546.02001953125,547.0499877929688,542.719970703125,544.760009765625,532.1619262695312,39515800
2024-07-30 13:30:00,546.260009765625,547.3400268554688,538.52001953125,542.0,529.4656982421875,46853600
2024-07-31 13:30:00,548.97998046875,553.5,547.5800170898438,550.8099975585938,538.072021484375,65663400
2024-08-01 13:30:00,552.5700073242188,554.8699951171875,539.4299926757812,543.010009765625,530.4525146484375,76428700
2024-08-02 13:30:00,535.75,536.989990234375,528.5999755859375,532.9000244140625,520.576171875,82789100
2024-08-05 13:30:00,511.6400146484375,523.5800170898438,510.2699890136719,517.3800048828125,505.4151611328125,146267400
2024-08-06 13:30:00,519.219970703125,529.75,517.8699951171875,522.1500244140625,510.0748291015625,84826300
2024-08-07 13:30:00,528.469970703125,531.5900268554688,518.0499877929688,518.6599731445312,506.66546630859375,70698300
2024-08-08 13:30:00,523.9099731445312,531.2899780273438,521.8400268554688,530.6500244140625,518.3782958984375,63276600
2024-08-09 13:30:00,529.8099975585938,534.510009765625,528.5599975585938,532.989990234375,520.6641235351562,45619600
2024-08-12 13:30:00,534.2100219726562,535.72998046875,530.9500122070312,533.27001953125,520.9376831054688,42542100
2024-08-13 13:30:00,536.530029296875,542.280029296875,536.280029296875,542.0399780273438,529.5046997070312,52333100
2024-08-14 13:30:00,542.8499755859375,544.9600219726562,540.1199951171875,543.75,531.1752319335938,42446900
2024-08-15 13:30:00,549.5,553.3599853515625,548.8800048828125,553.0700073242188,540.27978515625,60846800
2024-08-16 13:30:00,551.4199829101562,555.02001953125,551.260009765625,554.3099975585938,541.4911499023438,44430700
2024-08-19 13:30:00,554.72998046875,559.6099853515625,553.8599853515625,559.6099853515625,546.66845703125,39121800
2024-08-20 13:30:00,559.1500244140625,560.8400268554688,557.3300170898438,558.7000122070312,545.779541015625,33732300
2024-08-21 13:30:00,559.77001953125,562.1099853515625,554.72998046875,560.6199951171875,547.6551513671875,41514600
2024-08-22 13:30:00,562.5599975585938,563.1799926757812,554.97998046875,556.219970703125,543.35693359375,56121500
2024-08-23 13:30:00,559.530029296875,563.0900268554688,557.2899780273438,562.1300048828125,549.1301879882812,50639400
2024-08-26 13:30:00,563.1799926757812,563.9099731445312,559.0499877929688,560.7899780273438,547.8212280273438,35788600
2024-08-27 13:30:00,559.489990234375,562.0599975585938,558.3200073242188,561.5599975585938,548.573486328125,32693900
2024-08-28 13:30:00,561.2100219726562,561.6500244140625,555.0399780273438,558.2999877929688,545.3887329101562,41066000
2024-08-29 13:30:00,560.3099975585938,563.6799926757812,557.1799926757812,558.3499755859375,545.4375610351562,38715200
2024-08-30 13:30:00,560.77001953125,564.2000122070312,557.1400146484375,563.6799926757812,550.6443481445312,62700100
2024-09-03 13:30:00,560.469970703125,560.8099975585938,549.510009765625,552.0800170898438,539.3126831054688,60600100
2024-09-04 13:30:00,550.2000122070312,554.4299926757812,549.4600219726562,550.9500122070312,538.208740234375,47224900
2024-09-05 13:30:00,550.8900146484375,553.7999877929688,547.0999755859375,549.6099853515625,536.8997192382812,44264300
2024-09-06 13:30:00,549.9400024414062,551.5999755859375,539.4400024414062,540.3599853515625,527.8635864257812,68493800
2024-09-09 13:30:00,544.6500244140625,547.7100219726562,542.6799926757812,546.4099731445312,533.7737426757812,40445800
2024-09-10 13:30:00,548.3599853515625,549.1500244140625,543.3800048828125,548.7899780273438,536.0986328125,36394600
2024-09-11 13:30:00,548.7000122070312,555.3599853515625,539.9600219726562,554.4199829101562,541.5985107421875,75248600
2024-09-12 13:30:00,555.010009765625,559.4000244140625,552.739990234375,559.0900268554688,546.1605224609375,51819600
2024-09-13 13:30:00,559.7100219726562,563.030029296875,559.4500122070312,562.010009765625,549.0130004882812,39310500
2024-09-16 13:30:00,561.739990234375,563.1099853515625,559.9000244140625,562.8400268554688,549.8237915039062,36656100
2024-09-17 13:30:00,565.0999755859375,566.5800170898438,560.7899780273438,563.0700073242188,550.0485229492188,49321000
2024-09-18 13:30:00,563.739990234375,568.6900024414062,560.8300170898438,561.4000244140625,548.4170532226562,59044900
2024-09-19 13:30:00,571.010009765625,572.8800048828125,568.0800170898438,570.97998046875,557.7755737304688,75315500
2024-09-20 13:30:00,567.8400268554688,569.3099975585938,565.1699829101562,568.25,556.8114013671875,77503100
2024-09-23 13:30:00,569.3400268554688,570.3300170898438,568.0999755859375,569.6699829101562,558.2027587890625,44116900
2024-09-24 13:30:00,570.47998046875,571.3599853515625,567.5999755859375,571.2999877929688,559.7998657226562,46805700
2024-09-25 13:30:00,571.1400146484375,571.8900146484375,568.9099731445312,570.0399780273438,558.5652465820312,38428600
2024-09-26 13:30:00,574.3800048828125,574.7100219726562,569.9000244140625,572.2999877929688,560.7798461914062,48336000
2024-09-27 13:30:00,573.3900146484375,574.219970703125,570.4199829101562,571.469970703125,559.9664916992188,42100900
2024-09-30 13:30:00,570.4199829101562,574.3800048828125,568.0800170898438,573.760009765625,562.21044921875,63557400
2024-10-01 13:30:00,573.4000244140625,574.0599975585938,566.0,568.6199951171875,557.1738891601562,72668800
2024-10-02 13:30:00,567.7100219726562,569.9000244140625,565.27001953125,568.8599853515625,557.4089965820312,38097800
2024-10-03 13:30:00,567.3599853515625,569.7999877929688,565.489990234375,567.8200073242188,556.3899536132812,40846500
2024-10-04 13:30:00,572.3499755859375,573.3599853515625,568.0999755859375,572.97998046875,561.446044921875,42939100
2024-10-07 13:30:00,571.2999877929688,571.9600219726562,566.6300048828125,567.7999877929688,556.370361328125,49964700
2024-10-08 13:30:00,570.4199829101562,573.780029296875,569.530029296875,573.1699829101562,561.6322631835938,37398700
2024-10-09 13:30:00,573.1599731445312,577.7100219726562,572.5499877929688,577.1400146484375,565.5223388671875,37912200
2024-10-10 13:30:00,575.77001953125,577.5800170898438,574.489990234375,576.1300048828125,564.53271484375,44138100
2024-10-11 13:30:00,576.0499877929688,580.3300170898438,575.9099731445312,579.5800170898438,567.913330078125,42268000
2024-10-14 13:30:00,581.219970703125,585.27001953125,580.72998046875,584.3200073242188,572.5579223632812,36217200
2024-10-15 13:30:00,584.5900268554688,584.9000244140625,578.5399780273438,579.780029296875,568.1093139648438,54203600
2024-10-16 13:30:00,579.780029296875,582.8300170898438,578.9600219726562,582.2999877929688,570.5784912109375,30725400
2024-10-17 13:30:00,585.9099731445312,586.1199951171875,582.1599731445312,582.3499755859375,570.6276245117188,34393700
2024-10-18 13:30:00,584.0700073242188,585.3900146484375,582.5800170898438,584.5900268554688,572.8224487304688,37416800
2024-10-21 13:30:00,583.8499755859375,584.8499755859375,580.5999755859375,583.6300048828125,571.8817749023438,36439000
2024-10-22 13:30:00,581.0499877929688,584.5,580.3800048828125,583.3200073242188,571.5780639648438,34183800
2024-10-23 13:30:00,581.260009765625,581.7100219726562,574.4199829101562,577.989990234375,566.3552856445312,49314600
2024-10-24 13:30:00,579.97998046875,580.0599975585938,576.5700073242188,579.239990234375,567.580078125,34979900
2024-10-25 13:30:00,581.510009765625,584.4600219726562,578.0800170898438,579.0399780273438,567.3840942382812,47268200
2024-10-28 13:30:00,582.5800170898438,582.7100219726562,580.52001953125,580.8300170898438,569.13818359375,30174700
2024-10-29 13:30:00,579.8499755859375,582.9099731445312,578.4299926757812,581.77001953125,570.0592041015625,42899700
2024-10-30 13:30:00,581.2899780273438,583.3200073242188,579.2899780273438,580.010009765625,568.3346557617188,41435800
2024-10-31 13:30:00,575.5599975585938,575.6300048828125,568.4400024414062,568.6400146484375,557.1935424804688,60182500
2024-11-01 13:30:00,571.3200073242188,575.5499877929688,570.6199951171875,571.0399780273438,559.545166015625,45667500
2024-11-04 14:30:00,571.1799926757812,572.5,567.8900146484375,569.8099975585938,558.3399658203125,38217000
2024-11-05 14:30:00,570.739990234375,576.739990234375,570.52001953125,576.7000122070312,565.0911865234375,39478300
2024-11-06 14:30:00,589.2000122070312,591.9299926757812,585.3900146484375,591.0399780273438,579.1425170898438,68182000
2024-11-07 14:30:00,593.0800170898438,596.6500244140625,593.0,595.6099853515625,583.6205444335938,47233200
2024-11-08 14:30:00,596.1699829101562,599.6400146484375,596.1699829101562,598.1900024414062,586.148681640625,46444900
2024-11-11 14:30:00,599.8099975585938,600.1699829101562,597.0,598.760009765625,586.7072143554688,37586800
2024-11-12 14:30:00,598.6799926757812,599.2899780273438,594.3699951171875,596.9000244140625,584.8847045898438,43006100
2024-11-13 14:30:00,597.3699951171875,599.22998046875,594.9600219726562,597.1900024414062,585.1688232421875,47388600
2024-11-14 14:30:00,597.3200073242188,597.8099975585938,592.6500244140625,593.3499755859375,581.4060668945312,38904100
2024-11-15 14:30:00,589.719970703125,590.2000122070312,583.8599853515625,585.75,573.9591064453125,75988800
2024-11-18 14:30:00,586.219970703125,589.489990234375,585.3400268554688,588.1500244140625,576.310791015625,37001700
2024-11-19 14:30:00,584.7100219726562,591.0399780273438,584.030029296875,590.2999877929688,578.41748046875,49412000
2024-11-20 14:30:00,590.3800048828125,590.7899780273438,584.6300048828125,590.5,578.6134033203125,50032600
2024-11-21 14:30:00,593.4000244140625,595.1199951171875,587.4500122070312,593.6699829101562,581.7196655273438,46750300
2024-11-22 14:30:00,593.6599731445312,596.1500244140625,593.1500244140625,595.510009765625,583.5226440429688,38226400
2024-11-25 14:30:00,599.52001953125,600.8599853515625,595.2000122070312,597.530029296875,585.5020141601562,42441400
2024-11-26 14:30:00,598.7999877929688,601.3300170898438,598.0700073242188,600.6500244140625,588.5592041015625,45621300
2024-11-27 14:30:00,600.4600219726562,600.8499755859375,597.280029296875,598.8300170898438,586.7757568359375,34000200
2024-11-29 14:30:00,599.6599731445312,603.3499755859375,599.3800048828125,602.5499877929688,590.4208374023438,30177400
2024-12-02 14:30:00,602.969970703125,604.3200073242188,602.469970703125,603.6300048828125,591.4791259765625,31746000
2024-12-03 14:30:00,603.3900146484375,604.1599731445312,602.3400268554688,603.9099731445312,591.7535400390625,26906600
2024-12-04 14:30:00,605.6300048828125,607.9099731445312,604.9500122070312,607.6599731445312,595.4279174804688,42787600
2024-12-05 14:30:00,607.6599731445312,608.47998046875,606.2999877929688,606.6599731445312,594.4481811523438,28762200
2024-12-06 14:30:00,607.4400024414062,609.0700073242188,607.02001953125,607.8099975585938,595.5750732421875,31241500
2024-12-09 14:30:00,607.6900024414062,607.8599853515625,604.0800170898438,604.6799926757812,592.5079956054688,34742700
2024-12-10 14:30:00,605.3699951171875,605.7999877929688,602.1300048828125,602.7999877929688,590.6658325195312,37234500
2024-12-11 14:30:00,605.780029296875,608.4299926757812,605.5,607.4600219726562,595.2320556640625,28677700
2024-12-12 14:30:00,606.5800170898438,607.1599731445312,604.3300170898438,604.3300170898438,592.1651000976562,31543800
2024-12-13 14:30:00,606.4000244140625,607.1300048828125,602.8099975585938,604.2100219726562,592.0474853515625,35904700
2024-12-16 14:30:00,606.0,607.780029296875,605.2100219726562,606.7899780273438,594.575439453125,43695200
2024-12-17 14:30:00,604.1900024414062,605.1699829101562,602.8900146484375,604.2899780273438,592.1259155273438,55773500
2024-12-18 14:30:00,603.97998046875,606.4099731445312,585.8900146484375,586.280029296875,574.4784545898438,108248700
2024-12-19 14:30:00,591.3599853515625,593.0,585.8499755859375,586.0999755859375,574.302001953125,85919500
2024-12-20 14:30:00,581.77001953125,595.75,580.9099731445312,591.1500244140625,581.2000122070312,125716700
2024-12-23 14:30:00,590.8900146484375,595.2999877929688,587.6599731445312,594.6900024414062,584.680419921875,57635800
2024-12-24 14:30:00,596.0599975585938,601.3400268554688,595.469970703125,601.2999877929688,591.1790771484375,33160100
2024-12-26 14:30:00,599.5,602.47998046875,598.0800170898438,601.3400268554688,591.218505859375,41219100
2024-12-27 14:30:00,597.5399780273438,597.780029296875,590.760009765625,595.010009765625,584.9949951171875,64969300
2024-12-30 14:30:00,587.8900146484375,591.739990234375,584.4099731445312,588.219970703125,578.3192138671875,56578800
2024-12-31 14:30:00,589.9099731445312,590.6400146484375,584.4199829101562,586.0800170898438,576.2152709960938,57052700
2025-01-02 14:30:00,589.3900146484375,591.1300048828125,580.5,584.6400146484375,574.7994995117188,50204000
2025-01-03 14:30:00,587.530029296875,592.5999755859375,586.4299926757812,591.9500122070312,581.9864501953125,37888500
2025-01-06 14:30:00,596.27001953125,599.7000122070312,593.5999755859375,595.3599853515625,585.3390502929688,47679400
2025-01-07 14:30:00,597.4199829101562,597.75,586.780029296875,588.6300048828125,578.7222900390625,60393100
2025-01-08 14:30:00,588.7000122070312,590.5800170898438,585.2000122070312,589.489990234375,579.56787109375,47304700
2025-01-10 14:30:00,585.8800048828125,585.9500122070312,578.5499877929688,580.489990234375,570.7192993164062,73105000
2025-01-13 14:30:00,575.77001953125,581.75,575.3499755859375,581.3900146484375,571.6043090820312,47910100
2025-01-14 14:30:00,584.3599853515625,585.0,578.3499755859375,582.1900024414062,572.3907470703125,48420600
2025-01-15 14:30:00,590.3300170898438,593.9400024414062,589.2000122070312,592.780029296875,582.8025512695312,56900200
2025-01-16 14:30:00,594.1699829101562,594.3499755859375,590.9299926757812,591.6400146484375,581.6817016601562,43319700
2025-01-17 14:30:00,596.9600219726562,599.3599853515625,595.6099853515625,597.5800170898438,587.521728515625,58070600
2025-01-21 14:30:00,600.6699829101562,603.0599975585938,598.6699829101562,603.0499877929688,592.8995971679688,42532900
2025-01-22 14:30:00,605.9199829101562,607.8200073242188,605.3599853515625,606.4400024414062,596.2326049804688,48196000
2025-01-23 14:30:00,605.7999877929688,609.75,605.52001953125,609.75,599.48681640625,41152100
2025-01-24 14:30:00,609.8099975585938,610.780029296875,606.7999877929688,607.969970703125,597.7367553710938,34604700
2025-01-27 14:30:00,594.8099975585938,599.6900024414062,594.6400146484375,599.3699951171875,589.2815551757812,70361100
2025-01-28 14:30:00,600.6199951171875,605.3699951171875,597.25,604.52001953125,594.344970703125,44433300
2025-01-29 14:30:00,603.719970703125,604.1300048828125,599.219970703125,601.8099975585938,591.6805419921875,37177400
2025-01-30 14:30:00,603.9600219726562,606.5999755859375,600.719970703125,605.0399780273438,594.8560791015625,39281300
2025-01-31 14:30:00,607.5,609.9600219726562,601.0499877929688,601.8200073242188,591.6903686523438,66566900
2025-02-03 14:30:00,592.6699829101562,600.2899780273438,590.489990234375,597.77001953125,587.7085571289062,65857200
2025-02-04 14:30:00,597.8300170898438,602.2999877929688,597.280029296875,601.780029296875,591.6510009765625,33457800
2025-02-05 14:30:00,600.6400146484375,604.3699951171875,598.5800170898438,604.219970703125,594.0498657226562,30653100
2025-02-06 14:30:00,605.989990234375,606.4500122070312,602.6300048828125,606.3200073242188,596.1146240234375,35771500
2025-02-07 14:30:00,606.8900146484375,608.1300048828125,600.0499877929688,600.77001953125,590.6580810546875,50788500
2025-02-10 14:30:00,604.030029296875,605.5,602.739990234375,604.8499755859375,594.6693725585938,26048700
2025-02-11 14:30:00,602.5499877929688,605.8599853515625,602.4299926757812,605.3099975585938,595.1216430664062,30056700
2025-02-12 14:30:00,599.2000122070312,604.5499877929688,598.510009765625,603.3599853515625,593.2044067382812,45076100
2025-02-13 14:30:00,604.47998046875,609.9400024414062,603.2000122070312,609.72998046875,599.4671630859375,40921300
2025-02-14 14:30:00,609.9400024414062,610.989990234375,609.0700073242188,609.7000122070312,599.437744140625,26910400
2025-02-18 14:30:00,610.8800048828125,611.489990234375,608.3800048828125,611.489990234375,601.197509765625,26749000
2025-02-19 14:30:00,610.0800170898438,613.22998046875,609.5599975585938,612.9299926757812,602.6133422851562,31011100
2025-02-20 14:30:00,611.5399780273438,611.6799926757812,607.02001953125,610.3800048828125,600.1062622070312,36554000
2025-02-21 14:30:00,610.1599731445312,610.2999877929688,599.469970703125,599.9400024414062,589.842041015625,76519800
2025-02-24 14:30:00,602.02001953125,603.030029296875,596.489990234375,597.2100219726562,587.157958984375,50737200
2025-02-25 14:30:00,597.1500244140625,597.8900146484375,589.5599975585938,594.239990234375,584.2378540039062,58266500
2025-02-26 14:30:00,595.9299926757812,599.5800170898438,591.8599853515625,594.5399780273438,584.5328979492188,43321600
2025-02-27 14:30:00,596.8499755859375,598.02001953125,584.6500244140625,585.0499877929688,575.20263671875,74196700
2025-02-28 14:30:00,585.5599975585938,594.719970703125,582.4400024414062,594.1799926757812,584.178955078125,88744100
2025-03-03 14:30:00,596.1799926757812,597.3400268554688,579.9000244140625,583.77001953125,573.9441528320312,74249200
2025-03-04 14:30:00,579.7100219726562,585.3900146484375,572.25,576.8599853515625,567.1505126953125,109648200
2025-03-05 14:30:00,576.6900024414062,584.8800048828125,573.0800170898438,583.0599975585938,573.24609375,71230500
2025-03-06 14:30:00,575.47998046875,580.1699829101562,570.1199951171875,572.7100219726562,563.0702514648438,80094900
2025-03-07 14:30:00,570.9000244140625,577.3900146484375,565.6300048828125,575.9199829101562,566.226318359375,81158800
2025-03-10 13:30:00,567.5900268554688,569.5399780273438,555.5900268554688,560.5800170898438,551.1444702148438,99326600
2025-03-11 13:30:00,559.4000244140625,564.02001953125,552.02001953125,555.9199829101562,546.56298828125,88102100
2025-03-12 13:30:00,562.1699829101562,563.1099853515625,553.6900024414062,558.8699951171875,549.4633178710938,69588200
2025-03-13 13:30:00,558.489990234375,559.1099853515625,549.6799926757812,551.4199829101562,542.138671875,74079400
2025-03-14 13:30:00,556.1099853515625,563.8300170898438,551.489990234375,562.8099975585938,553.3369750976562,62660300
2025-03-17 13:30:00,562.7899780273438,569.7100219726562,562.3499755859375,567.1500244140625,557.60400390625,49008700
2025-03-18 13:30:00,564.7999877929688,565.02001953125,559.0599975585938,561.02001953125,551.5771484375,66041400
2025-03-19 13:30:00,562.8300170898438,570.9500122070312,561.6300048828125,567.1300048828125,557.5842895507812,66556000
2025-03-20 13:30:00,563.3300170898438,570.5700073242188,562.5999755859375,565.489990234375,555.9718627929688,62958200
2025-03-21 13:30:00,559.280029296875,564.8900146484375,558.030029296875,563.97998046875,556.1553344726562,83763000
2025-03-24 13:30:00,570.7999877929688,575.1500244140625,570.2000122070312,574.0800170898438,566.1151733398438,58766800
2025-03-25 13:30:00,575.2999877929688,576.4099731445312,573.6900024414062,575.4600219726562,567.4759521484375,38355700
2025-03-26 13:30:00,575.1900024414062,576.3300170898438,567.1900024414062,568.5900268554688,560.7013549804688,51848300
2025-03-27 13:30:00,567.1799926757812,570.9000244140625,564.9400024414062,567.0800170898438,559.2122802734375,42164200
2025-03-28 13:30:00,565.530029296875,566.27001953125,555.0700073242188,555.6599731445312,547.95068359375,71662700
2025-03-31 13:30:00,549.8300170898438,560.7100219726562,546.8699951171875,559.3900146484375,551.6289672851562,95328200
2025-04-01 13:30:00,557.4500122070312,562.9400024414062,553.6799926757812,560.969970703125,553.18701171875,54609600
2025-04-02 13:30:00,555.0499877929688,567.4199829101562,554.8099975585938,564.52001953125,556.6878051757812,76014500
2025-04-03 13:30:00,545.1099853515625,547.969970703125,536.7000122070312,536.7000122070312,529.2537841796875,125986000
2025-04-04 13:30:00,523.6699829101562,525.8699951171875,505.05999755859375,505.2799987792969,498.2696838378906,217965100
2025-04-07 13:30:00,489.19000244140625,523.1699829101562,481.7999877929687,504.3800048828125,497.3821716308594,256611400
2025-04-08 13:30:00,521.8599853515625,524.97998046875,489.1600036621094,496.4800109863281,489.591796875,165816600
2025-04-09 13:30:00,493.44000244140625,548.6199951171875,493.0499877929687,548.6199951171875,541.0084838867188,241867300
2025-04-10 13:30:00,532.1699829101562,533.5,509.3200073242187,524.5800170898438,517.3018798828125,162331200
2025-04-11 13:30:00,523.010009765625,536.4299926757812,520.0700073242188,533.9400024414062,526.531982421875,97866300
2025-04-14 13:30:00,544.0499877929688,544.280029296875,533.8599853515625,539.1199951171875,531.64013671875,68034000
2025-04-15 13:30:00,539.6699829101562,543.22998046875,536.8099975585938,537.6099853515625,530.1511840820312,56892900
2025-04-16 13:30:00,531.6799926757812,537.8900146484375,520.2899780273438,525.6599731445312,518.3668823242188,83484800
2025-04-17 13:30:00,527.6400146484375,531.1699829101562,523.9099731445312,526.4099731445312,519.1064453125,79868100
2025-04-21 13:30:00,521.1599731445312,521.7000122070312,508.4599914550781,513.8800048828125,506.7503356933594,69368100
2025-04-22 13:30:00,520.1400146484375,529.2999877929688,519.1900024414062,527.25,519.9348754882812,75948100
2025-04-23 13:30:00,540.4299926757812,545.4299926757812,533.8800048828125,535.4199829101562,527.9915161132812,90590700
2025-04-24 13:30:00,536.719970703125,547.4299926757812,535.4500122070312,546.6900024414062,539.1051635742188,64150400
2025-04-25 13:30:00,546.6500244140625,551.0499877929688,543.6900024414062,550.6400146484375,543.0003662109375,61119600
2025-04-28 13:30:00,551.3900146484375,553.5499877929688,545.02001953125,550.8499755859375,543.2074584960938,47613800
2025-04-29 13:30:00,548.9099731445312,555.4500122070312,548.5499877929688,554.3200073242188,546.6292724609375,47775100
2025-04-30 13:30:00,547.5700073242188,556.52001953125,541.52001953125,554.5399780273438,546.8462524414062,93101500
2025-05-01 13:30:00,560.3699951171875,564.0700073242188,557.8599853515625,558.469970703125,550.7216796875,63186100
2025-05-02 13:30:00,564.72998046875,568.3800048828125,562.3800048828125,566.760009765625,558.8966674804688,60717300
2025-05-05 13:30:00,562.5700073242188,566.6500244140625,561.7000122070312,563.510009765625,555.6918334960938,38659200
2025-05-06 13:30:00,557.9299926757812,563.3499755859375,556.9600219726562,558.7999877929688,551.0471801757812,48264700
2025-05-07 13:30:00,560.1500244140625,563.8200073242188,556.0399780273438,561.1500244140625,553.364501953125,55588000
2025-05-08 13:30:00,565.239990234375,570.3099975585938,561.7000122070312,565.0599975585938,557.2203369140625,65130800
2025-05-09 13:30:00,566.47998046875,567.5,562.760009765625,564.3400268554688,556.51025390625,37603400
2025-05-12 13:30:00,581.469970703125,583.0,577.0399780273438,582.989990234375,574.9015502929688,78993600
2025-05-13 13:30:00,583.4099731445312,589.0800170898438,582.8400268554688,586.8400268554688,578.6981201171875,67947200
2025-05-14 13:30:00,587.8099975585938,588.97998046875,585.5399780273438,587.5900268554688,579.437744140625,66283500
2025-05-15 13:30:00,585.5599975585938,590.969970703125,585.0999755859375,590.4600219726562,582.2678833007812,71268100
2025-05-16 13:30:00,591.25,594.5,589.280029296875,594.2000122070312,585.9559936523438,76052100
2025-05-19 13:30:00,588.0999755859375,595.5399780273438,588.0999755859375,594.8499755859375,586.5969848632812,68168500
2025-05-20 13:30:00,593.0900268554688,594.0499877929688,589.5999755859375,592.8499755859375,584.6246948242188,60614500
2025-05-21 13:30:00,588.4400024414062,592.5800170898438,581.8200073242188,582.8599853515625,574.7733764648438,95197700
2025-05-22 13:30:00,582.6599731445312,586.6199951171875,581.4099731445312,583.0900268554688,575.0001831054688,70860400
2025-05-23 13:30:00,575.97998046875,581.8099975585938,575.5999755859375,579.1099853515625,571.0753173828125,76029000
2025-05-27 13:30:00,586.0700073242188,591.3099975585938,578.4299926757812,591.1500244140625,582.9483642578125,72588500
2025-05-28 13:30:00,591.5599975585938,592.77001953125,586.989990234375,587.72998046875,579.5758056640625,68445500
2025-05-29 13:30:00,593.0599975585938,593.2000122070312,586.0700073242188,590.0499877929688,581.8635864257812,69973300
2025-05-30 13:30:00,588.9299926757812,591.1300048828125,583.239990234375,589.3900146484375,581.2127685546875,90601200
2025-06-02 13:30:00,587.760009765625,592.7899780273438,585.0599975585938,592.7100219726562,584.4866943359375,61630500
2025-06-03 13:30:00,592.3400268554688,597.0800170898438,591.8499755859375,596.0900268554688,587.8197631835938,63606200
2025-06-04 13:30:00,596.9600219726562,597.9500122070312,595.489990234375,595.9299926757812,587.6619873046875,57314200
2025-06-05 13:30:00,597.6300048828125,599.0,591.0499877929688,593.0499877929688,584.8219604492188,92278700
2025-06-06 13:30:00,598.6599731445312,600.8300170898438,596.8599853515625,599.1400146484375,590.8274536132812,66588700
2025-06-09 13:30:00,599.719970703125,601.25,598.489990234375,599.6799926757812,591.3599243164062,53016400
2025-06-10 13:30:00,600.219970703125,603.469970703125,599.0900268554688,603.0800170898438,594.7127685546875,66247000
2025-06-11 13:30:00,604.1900024414062,605.0599975585938,599.27001953125,601.3599853515625,593.0166625976562,73658200
2025-06-12 13:30:00,600.010009765625,603.75,599.52001953125,603.75,595.3734741210938,64129000
2025-06-13 13:30:00,598.5,601.8499755859375,595.47998046875,597.0,588.7171020507812,89506000
2025-06-16 13:30:00,600.4000244140625,604.4500122070312,600.219970703125,602.6799926757812,594.318359375,79984100
2025-06-17 13:30:00,600.2100219726562,601.75,596.760009765625,597.530029296875,589.2398681640625,82209400
2025-06-18 13:30:00,598.4400024414062,601.219970703125,596.469970703125,597.4400024414062,589.1510009765625,76605000
2025-06-20 13:30:00,598.3800048828125,599.4600219726562,592.8599853515625,594.280029296875,587.7673950195312,94051400
2025-06-23 13:30:00,595.0399780273438,600.5399780273438,591.8900146484375,600.1500244140625,593.5730590820312,87426000
2025-06-24 13:30:00,604.3300170898438,607.8499755859375,603.4099731445312,606.780029296875,600.13037109375,67735300
2025-06-25 13:30:00,607.9099731445312,608.6099853515625,605.5399780273438,607.1199951171875,600.4666748046875,62114800
2025-06-26 13:30:00,608.989990234375,612.3099975585938,608.3699951171875,611.8699951171875,605.1646118164062,78548400
2025-06-27 13:30:00,612.8800048828125,616.3900146484375,610.8300170898438,614.9099731445312,608.1712646484375,86258400
2025-06-30 13:30:00,617.3800048828125,619.219970703125,615.0399780273438,617.8499755859375,611.0791015625,92502500
2025-07-01 13:30:00,616.3599853515625,618.8300170898438,615.52001953125,617.6500244140625,610.8812866210938,70030100
2025-07-02 13:30:00,617.239990234375,620.489990234375,616.6099853515625,620.4500122070312,613.650634765625,66510400
2025-07-03 13:30:00,622.4500122070312,626.280029296875,622.4299926757812,625.3400268554688,618.4869995117188,51065800
2025-07-07 13:30:00,623.3599853515625,624.030029296875,617.8699951171875,620.6799926757812,613.8780517578125,74814500
2025-07-08 13:30:00,621.3499755859375,622.1099853515625,619.52001953125,620.3400268554688,613.5418090820312,59024600
2025-07-09 13:30:00,622.77001953125,624.719970703125,620.9099731445312,624.0599975585938,617.2210083007812,66113300
2025-07-10 13:30:00,624.2000122070312,626.8699951171875,623.010009765625,625.8200073242188,618.9617309570312,57529000
2025-07-11 13:30:00,622.739990234375,624.8599853515625,621.530029296875,623.6199951171875,616.7858276367188,63670200
2025-07-14 13:30:00,623.1599731445312,625.1599731445312,621.7999877929688,624.8099975585938,617.9628295898438,51898500
2025-07-15 13:30:00,627.52001953125,627.8599853515625,622.0599975585938,622.1400146484375,615.3220825195312,74317300
2025-07-16 13:30:00,623.739990234375,624.72998046875,618.0499877929688,624.219970703125,617.3792724609375,88987500
2025-07-17 13:30:00,624.4000244140625,628.4000244140625,624.1799926757812,628.0399780273438,621.1573486328125,68885700
2025-07-18 13:30:00,629.2999877929688,629.469970703125,626.4600219726562,627.5800170898438,620.7024536132812,65621600
2025-07-21 13:30:00,628.77001953125,631.5399780273438,628.3400268554688,628.77001953125,621.87939453125,63375000
2025-07-22 13:30:00,629.0999755859375,629.72998046875,626.1900024414062,628.8599853515625,621.9684448242188,60046300
2025-07-23 13:30:00,631.5499877929688,634.2100219726562,629.72998046875,634.2100219726562,627.2598266601562,70511000
2025-07-24 13:30:00,634.5999755859375,636.1500244140625,633.989990234375,634.4199829101562,627.4674072265625,71307100
2025-07-25 13:30:00,635.0900268554688,637.5800170898438,634.8400268554688,637.0999755859375,630.1181030273438,56865400
2025-07-28 13:30:00,637.47998046875,638.0399780273438,635.5399780273438,636.9400024414062,629.9598388671875,54917100
2025-07-29 13:30:00,638.3499755859375,638.6699829101562,634.3400268554688,635.260009765625,628.29833984375,60556300
2025-07-30 13:30:00,635.9199829101562,637.6799926757812,631.5399780273438,634.4600219726562,627.5070190429688,80418900
2025-07-31 13:30:00,639.4600219726562,639.8499755859375,630.77001953125,632.0800170898438,625.153076171875,103385200
2025-08-01 13:30:00,626.2999877929688,626.3400268554688,619.2899780273438,621.719970703125,614.9066162109375,140103600
2025-08-04 13:30:00,625.6699829101562,631.219970703125,625.5800170898438,631.1699829101562,624.2530517578125,73218000
2025-08-05 13:30:00,631.7899780273438,632.6099853515625,627.0399780273438,627.969970703125,621.088134765625,68051400
2025-08-06 13:30:00,629.0499877929688,633.4400024414062,628.1300048828125,632.780029296875,625.845458984375,64357500
2025-08-07 13:30:00,636.239990234375,636.97998046875,629.1099853515625,632.25,625.3212280273438,74205800
2025-08-08 13:30:00,634.0599975585938,637.6500244140625,633.739990234375,637.1799926757812,630.1972045898438,64051600
2025-08-11 13:30:00,637.4600219726562,638.9500122070312,634.6599731445312,635.9199829101562,628.9510498046875,58742300
2025-08-12 13:30:00,638.2899780273438,642.8499755859375,636.7899780273438,642.6900024414062,635.6468505859375,64730800
2025-08-13 13:30:00,644.9099731445312,646.1900024414062,642.6799926757812,644.8900146484375,637.8228149414062,60092800
2025-08-14 13:30:00,642.7899780273438,645.6199951171875,642.3400268554688,644.9500122070312,637.882080078125,59327500
2025-08-15 13:30:00,645.989990234375,646.0900268554688,642.52001953125,643.4400024414062,636.388671875,68592500
2025-08-18 13:30:00,642.8599853515625,644.0,642.1799926757812,643.2999877929688,636.2501220703125,43804900
2025-08-19 13:30:00,643.1199951171875,644.1099853515625,638.47998046875,639.8099975585938,632.7984008789062,69750700
2025-08-20 13:30:00,639.4000244140625,639.6599731445312,632.9500122070312,638.1099853515625,631.116943359375,88890300
2025-08-21 13:30:00,636.280029296875,637.969970703125,633.8099975585938,635.5499877929688,628.5851440429688,54805800
2025-08-22 13:30:00,637.760009765625,646.5,637.25,645.3099975585938,638.2381591796875,84083200
2025-08-25 13:30:00,644.0399780273438,645.2899780273438,642.3499755859375,642.469970703125,635.4292602539062,51274300
2025-08-26 13:30:00,642.2000122070312,645.510009765625,641.5700073242188,645.1599731445312,638.0897827148438,51581600
2025-08-27 13:30:00,644.5700073242188,647.3699951171875,644.4199829101562,646.6300048828125,639.543701171875,48341100
2025-08-28 13:30:00,647.239990234375,649.47998046875,645.3400268554688,648.9199829101562,641.80859375,61519500
2025-08-29 13:30:00,647.469970703125,647.8400268554688,643.1400146484375,645.0499877929688,637.98095703125,74522200
2025-09-02 13:30:00,637.5,640.489990234375,634.9199829101562,640.27001953125,633.25341796875,81983500
2025-09-03 13:30:00,642.6699829101562,644.2100219726562,640.4600219726562,643.739990234375,636.6853637695312,70820900
2025-09-04 13:30:00,644.4199829101562,649.1500244140625,643.510009765625,649.1199951171875,642.0064086914062,65219200
2025-09-05 13:30:00,651.47998046875,652.2100219726562,643.3300170898438,647.239990234375,640.1469116210938,85178900
2025-09-08 13:30:00,648.6199951171875,649.8400268554688,647.22998046875,648.8300170898438,641.7196044921875,63133100
2025-09-09 13:30:00,648.969970703125,650.8599853515625,647.219970703125,650.3300170898438,643.203125,66133900
2025-09-10 13:30:00,653.6199951171875,654.5499877929688,650.6300048828125,652.2100219726562,645.0625,78034500
2025-09-11 13:30:00,654.1799926757812,658.3300170898438,653.5900268554688,657.6300048828125,650.4231567382812,69934400
2025-09-12 13:30:00,657.5999755859375,659.1099853515625,656.9000244140625,657.4099731445312,650.2054443359375,72780100
2025-09-15 13:30:00,659.6400146484375,661.0399780273438,659.3400268554688,660.9099731445312,653.6671752929688,63772400
2025-09-16 13:30:00,661.469970703125,661.780029296875,659.2100219726562,660.0,652.76708984375,61169000
2025-09-17 13:30:00,660.010009765625,661.719970703125,654.2999877929688,659.1799926757812,651.9561157226562,101952200
2025-09-18 13:30:00,661.8900146484375,664.8900146484375,660.27001953125,662.260009765625,655.00244140625,90459200
2025-09-19 13:30:00,662.3300170898438,664.5499877929688,660.3699951171875,663.7000122070312,658.2465209960938,97945600
2025-09-22 13:30:00,662.2000122070312,667.2899780273438,662.1699829101562,666.8400268554688,661.3606567382812,69452200
2025-09-23 13:30:00,666.719970703125,667.3400268554688,661.97998046875,663.2100219726562,657.7606201171875,81708900
2025-09-24 13:30:00,664.510009765625,664.6099853515625,659.6699829101562,661.0999755859375,655.6677856445312,68082200
2025-09-25 13:30:00,657.9400024414062,659.4099731445312,654.4099731445312,658.0499877929688,652.6429443359375,89622100
2025-09-26 13:30:00,659.510009765625,662.3699951171875,657.8800048828125,661.8200073242188,656.3819580078125,69179200
2025-09-29 13:30:00,664.3599853515625,665.280029296875,661.8599853515625,663.6799926757812,658.2266845703125,73499000
2025-09-30 13:30:00,662.9299926757812,666.6500244140625,661.6099853515625,666.1799926757812,660.7061157226562,86288000
2025-10-01 13:30:00,663.1699829101562,669.3699951171875,663.0599975585938,668.4500122070312,662.95751953125,72545400
2025-10-02 13:30:00,670.4500122070312,670.5700073242188,666.780029296875,669.219970703125,663.7210693359375,56896000
2025-10-03 13:30:00,669.989990234375,672.6799926757812,668.1599731445312,669.2100219726562,663.7112426757812,70494400
2025-10-06 13:30:00,671.6199951171875,672.510009765625,669.4600219726562,671.6099853515625,666.0914916992188,54623300
2025-10-07 13:30:00,672.5399780273438,672.989990234375,667.6699829101562,669.1199951171875,663.6219482421875,72020100
2025-10-08 13:30:00,670.25,673.2100219726562,669.4199829101562,673.1099853515625,667.5791625976562,60702200
2025-10-09 13:30:00,673.530029296875,673.9400024414062,669.2100219726562,671.1599731445312,665.6452026367188,66501900
2025-10-10 13:30:00,672.1300048828125,673.9500122070312,652.8400268554688,653.02001953125,647.6542358398438,159422600
2025-10-13 13:30:00,660.6500244140625,665.1300048828125,659.77001953125,663.0399780273438,657.5919189453125,79560500
2025-10-14 13:30:00,657.1699829101562,665.8300170898438,653.1699829101562,662.22998046875,656.78857421875,88779600
2025-10-15 13:30:00,666.8200073242188,670.22998046875,658.9299926757812,665.1699829101562,659.7044067382812,81702600
2025-10-16 13:30:00,666.8200073242188,668.7100219726562,657.1099853515625,660.6400146484375,655.2117309570312,110563300
2025-10-17 13:30:00,659.5,665.760009765625,658.1400146484375,664.3900146484375,658.9308471679688,96500900
2025-10-20 13:30:00,667.3200073242188,672.2100219726562,667.27001953125,671.2999877929688,665.7840576171875,60493400
2025-10-21 13:30:00,671.4400024414062,672.989990234375,669.97998046875,671.2899780273438,665.7741088867188,56249000
2025-10-22 13:30:00,672.0,672.0,663.2999877929688,667.7999877929688,662.3128051757812,80564000
2025-10-23 13:30:00,668.1199951171875,672.7100219726562,667.7999877929688,671.760009765625,666.2402954101562,65604500
2025-10-24 13:30:00,676.4600219726562,678.469970703125,675.6500244140625,677.25,671.6851806640625,74356500
2025-10-27 13:30:00,682.72998046875,685.5399780273438,682.1199951171875,685.239990234375,679.6094970703125,63339800
2025-10-28 13:30:00,687.0499877929688,688.9099731445312,684.8300170898438,687.0599975585938,681.41455078125,61738100
2025-10-29 13:30:00,688.719970703125,689.7000122070312,682.8699951171875,687.3900146484375,681.7418823242188,85657100
2025-10-30 13:30:00,683.9000244140625,685.9400024414062,679.8300170898438,679.8300170898438,674.2439575195312,76335800
2025-10-31 13:30:00,685.0399780273438,685.0800170898438,679.239990234375,682.0599975585938,676.4556274414062,87164100
2025-11-03 14:30:00,685.6699829101562,685.7999877929688,679.9400024414062,683.3400268554688,677.7251586914062,57315000
2025-11-04 14:30:00,676.1099853515625,679.9600219726562,674.5800170898438,675.239990234375,669.6917114257812,78427000
2025-11-05 14:30:00,674.97998046875,680.8599853515625,674.1699829101562,677.5800170898438,672.0125122070312,74402400
2025-11-06 14:30:00,676.469970703125,677.3800048828125,668.719970703125,670.3099975585938,664.8021850585938,85035300
2025-11-07 14:30:00,667.9099731445312,671.0800170898438,661.2100219726562,670.969970703125,665.4567260742188,100592400
2025-11-10 14:30:00,677.239990234375,682.1799926757812,675.030029296875,681.4400024414062,675.8407592773438,75842900
2025-11-11 14:30:00,679.9500122070312,683.5700073242188,678.72998046875,683.0,677.3878784179688,58953400
2025-11-12 14:30:00,684.7899780273438,684.9600219726562,680.9500122070312,683.3800048828125,677.7647705078125,62312500
2025-11-13 14:30:00,680.5,680.8599853515625,670.52001953125,672.0399780273438,666.5179443359375,103457800
2025-11-14 14:30:00,665.3800048828125,675.6599731445312,663.27001953125,671.9299926757812,666.408935546875,96846700
2025-11-17 14:30:00,669.7000122070312,673.7100219726562,662.1699829101562,665.6699829101562,660.2002563476562,90456100
2025-11-18 14:30:00,662.0999755859375,665.1199951171875,655.8599853515625,660.0800170898438,654.65625,114467500
2025-11-19 14:30:00,660.780029296875,667.3400268554688,658.75,662.6300048828125,657.185302734375,94703000
2025-11-20 14:30:00,672.9099731445312,675.5599975585938,651.8900146484375,652.530029296875,647.1683349609375,165293500
2025-11-21 14:30:00,655.0499877929688,664.5499877929688,650.8499755859375,659.030029296875,653.6148681640625,123956200
2025-11-24 14:30:00,662.6900024414062,670.0599975585938,661.5900268554688,668.72998046875,663.2351684570312,80437900
2025-11-25 14:30:00,668.6300048828125,676.2100219726562,664.47998046875,675.02001953125,669.4734497070312,81077100
2025-11-26 14:30:00,677.6300048828125,681.7000122070312,676.719970703125,679.6799926757812,674.09521484375,71879600
2025-11-28 14:30:00,680.8599853515625,683.6699829101562,680.5,683.3900146484375,677.7747192382812,49212000
2025-12-01 14:30:00,678.8099975585938,682.989990234375,678.739990234375,680.27001953125,674.6803588867188,61201200
2025-12-02 14:30:00,681.9199829101562,683.8200073242188,679.3300170898438,681.530029296875,675.9300537109375,62953800
2025-12-03 14:30:00,680.5700073242188,684.9099731445312,679.6900024414062,683.8900146484375,678.2706298828125,57238500
2025-12-04 14:30:00,685.2999877929688,685.3699951171875,681.3400268554688,684.3900146484375,678.7665405273438,61970300
2025-12-05 14:30:00,685.469970703125,688.3900146484375,684.5800170898438,685.6900024414062,680.0557861328125,79241000
2025-12-08 14:30:00,686.5900268554688,686.6400146484375,681.5700073242188,683.6300048828125,678.0127563476562,55231500
2025-12-09 14:30:00,683.1500244140625,685.3900146484375,682.5900268554688,683.0399780273438,677.4275512695312,58310100
2025-12-10 14:30:00,682.5599975585938,688.969970703125,681.3099975585938,687.5700073242188,681.92041015625,85671300
2025-12-11 14:30:00,685.1400146484375,689.25,682.1699829101562,689.1699829101562,683.5072021484375,86173700
2025-12-12 14:30:00,688.1699829101562,688.8800048828125,679.1699829101562,681.760009765625,676.1580810546875,113160300
2025-12-15 14:30:00,685.739990234375,685.760009765625,679.25,680.72998046875,675.1365356445312,90811000
2025-12-16 14:30:00,679.22998046875,681.0800170898438,674.97998046875,678.8699951171875,673.2918701171875,122030600
2025-12-17 14:30:00,679.8900146484375,680.4400024414062,671.2000122070312,671.4000244140625,665.8832397460938,110625200
2025-12-18 14:30:00,677.5999755859375,680.739990234375,674.9000244140625,676.469970703125,670.9114990234375,108650100
2025-12-19 14:30:00,676.5900268554688,681.0900268554688,676.469970703125,680.5900268554688,676.9923095703125,103599500
2025-12-22 14:30:00,683.9400024414062,685.3599853515625,680.5900268554688,684.8300170898438,681.2098388671875,69556700
2025-12-23 14:30:00,683.9199829101562,688.2000122070312,683.8699951171875,687.9600219726562,684.3233032226562,64840000
2025-12-24 14:30:00,687.9500122070312,690.8300170898438,687.7999877929688,690.3800048828125,686.7305297851562,39445600
2025-12-26 14:30:00,690.6400146484375,691.6599731445312,689.27001953125,690.3099975585938,686.660888671875,41613300
2025-12-29 14:30:00,687.5399780273438,689.2000122070312,686.0700073242188,687.8499755859375,684.2138671875,62559500
2025-12-30 14:30:00,687.4500122070312,688.5599975585938,686.5800170898438,687.010009765625,683.3782958984375,47160700
2025-12-31 14:30:00,687.1400146484375,687.3599853515625,681.7100219726562,681.9199829101562,678.3152465820312,74144800
2026-01-02 14:30:00,685.7100219726562,686.8699951171875,679.8200073242188,683.1699829101562,679.55859375,89377200
2026-01-05 14:30:00,686.5399780273438,689.4299926757812,686.3800048828125,687.719970703125,684.0845947265625,71927200
2026-01-06 14:30:00,687.9299926757812,692.3200073242188,687.780029296875,691.8099975585938,688.1529541015625,69273800
2026-01-07 14:30:00,692.1900024414062,693.9600219726562,689.3200073242188,689.5800170898438,685.9347534179688,75588300
2026-01-08 14:30:00,688.8200073242188,690.6199951171875,687.489990234375,689.510009765625,685.8651123046875,64019200
2026-01-09 14:30:00,690.6300048828125,695.3099975585938,689.1799926757812,694.0700073242188,690.4010009765625,80125500
2026-01-12 14:30:00,690.6799926757812,696.0900268554688,690.6300048828125,695.1599731445312,691.4852294921875,63976000
2026-01-13 14:30:00,695.489990234375,696.0900268554688,691.3499755859375,693.77001953125,690.1026000976562,78309700
2026-01-14 14:30:00,691.0,691.719970703125,686.0399780273438,690.3599853515625,686.7105712890625,94676700
2026-01-15 14:30:00,694.5700073242188,695.4500122070312,691.25,692.239990234375,688.5806884765625,77862000
2026-01-16 14:30:00,693.6599731445312,694.25,690.0999755859375,691.6599731445312,688.0037231445312,79289200
2026-01-20 14:30:00,681.489990234375,684.77001953125,676.5700073242188,677.5800170898438,673.9981689453125,111623300
2026-01-21 14:30:00,679.6500244140625,688.739990234375,678.1300048828125,685.4000244140625,681.77685546875,127844500
2026-01-22 14:30:00,689.8499755859375,691.1300048828125,686.9199829101562,688.97998046875,685.3379516601562,77112200
2026-01-23 14:30:00,688.1500244140625,690.9600219726562,687.1599731445312,689.22998046875,685.5865478515625,63059600
2026-01-26 14:30:00,690.489990234375,694.1300048828125,689.9199829101562,692.72998046875,689.068115234375,60473800
2026-01-27 14:30:00,694.1799926757812,696.530029296875,693.5700073242188,695.489990234375,691.8134765625,55506100
2026-01-28 14:30:00,697.0499877929688,697.8400268554688,693.9400024414062,695.4199829101562,691.7438354492188,61172200
2026-01-29 14:30:00,696.3900146484375,697.0599975585938,684.8300170898438,694.0399780273438,690.3711547851562,97486200
2026-01-30 14:30:00,691.7899780273438,694.2100219726562,687.1199951171875,691.969970703125,688.3121337890625,101835100
2026-02-02 14:30:00,689.5800170898438,696.9299926757812,689.4199829101562,695.4099731445312,691.73388671875,79286500
2026-02-03 14:30:00,696.2100219726562,696.9600219726562,684.030029296875,689.530029296875,685.885009765625,107904600
2026-02-04 14:30:00,690.3499755859375,691.4500122070312,681.760009765625,686.1900024414062,682.5626831054688,105204600
2026-02-05 14:30:00,680.9400024414062,683.6900024414062,675.7899780273438,677.6199951171875,674.0379638671875,113610800
2026-02-06 14:30:00,681.4600219726562,692.3099975585938,680.8499755859375,690.6199951171875,686.96923828125,89127600
2026-02-09 14:30:00,689.4199829101562,695.8699951171875,688.3400268554688,693.9500122070312,690.2816162109375,73885200
2026-02-10 14:30:00,694.9500122070312,696.5399780273438,691.6599731445312,692.1199951171875,688.4613037109375,65185700
2026-02-11 14:30:00,696.3900146484375,697.1400146484375,689.1799926757812,691.9600219726562,688.3021850585938,76353900
2026-02-12 14:30:00,694.239990234375,695.3499755859375,680.3699951171875,681.27001953125,677.668701171875,118829000
2026-02-13 14:30:00,681.6900024414062,686.280029296875,677.52001953125,681.75,678.1461181640625,96267500
2026-02-17 14:30:00,680.1400146484375,684.9400024414062,675.780029296875,682.8499755859375,679.2402954101562,81354700
2026-02-18 14:30:00,684.02001953125,689.1500244140625,682.8300170898438,686.2899780273438,682.662109375,73570300
2026-02-19 14:30:00,683.8400268554688,686.1799926757812,681.5499877929688,684.47998046875,680.8616943359375,58649400
2026-02-20 14:30:00,682.3200073242188,690.0599975585938,681.72998046875,689.4299926757812,685.7855834960938,100034000
2026-02-23 14:30:00,687.8300170898438,690.0,680.3699951171875,682.3900146484375,678.7827758789062,90558100
2026-02-24 14:30:00,681.9000244140625,688.3499755859375,680.0,687.3499755859375,683.7164916992188,73798700
2026-02-25 14:30:00,690.1799926757812,693.6799926757812,690.0999755859375,693.1500244140625,689.4859008789062,56369500
2026-02-26 14:30:00,693.280029296875,693.2999877929688,684.3499755859375,689.2999877929688,685.6561889648438,71671000
2026-02-27 14:30:00,683.0900268554688,686.8599853515625,681.6400146484375,685.989990234375,682.3637084960938,83308900
2026-03-02 14:30:00,678.7000122070312,688.6199951171875,678.02001953125,686.3800048828125,682.7516479492188,87477200
2026-03-03 14:30:00,675.0599975585938,682.6099853515625,669.6599731445312,680.3300170898438,676.7337036132812,105003100
2026-03-04 14:30:00,681.6300048828125,687.0900268554688,679.6199951171875,685.1300048828125,681.50830078125,79182200
2026-03-05 14:30:00,682.0800170898438,685.530029296875,675.6099853515625,681.3099975585938,677.7084350585938,106606500
2026-03-06 14:30:00,673.4099731445312,676.1099853515625,669.760009765625,672.3800048828125,668.8256225585938,100687000
2026-03-09 13:30:00,666.3900146484375,679.9199829101562,662.3900146484375,678.27001953125,674.6845092773438,102667700
2026-03-10 13:30:00,677.719970703125,683.3599853515625,674.760009765625,677.1799926757812,673.6002807617188,81505300
2026-03-11 13:30:00,677.5800170898438,680.0800170898438,673.3400268554688,676.3300170898438,672.7548217773438,68441700
2026-03-12 13:30:00,671.1599731445312,671.6500244140625,665.8699951171875,666.0599975585938,662.5390625,108882200
2026-03-13 13:30:00,669.27001953125,672.3400268554688,661.3599853515625,662.2899780273438,658.7890014648438,97200200
2026-03-16 13:30:00,668.3800048828125,672.0700073242188,667.1199951171875,669.030029296875,665.493408203125,82023100
2026-03-17 13:30:00,672.3900146484375,674.4400024414062,669.7000122070312,670.7899780273438,667.2440185546875,87128000
2026-03-18 13:30:00,668.3599853515625,669.719970703125,661.1900024414062,661.4299926757812,657.9335327148438,82062600
2026-03-19 13:30:00,656.969970703125,662.97998046875,655.1699829101562,659.7999877929688,656.3121337890625,111272500
2026-03-20 13:30:00,656.510009765625,656.6900024414062,644.719970703125,648.5700073242188,646.9034423828125,163617500
2026-03-23 13:30:00,658.0700073242188,662.6199951171875,653.9400024414062,655.3800048828125,653.6959228515625,134802700
2026-03-24 13:30:00,651.3200073242188,657.030029296875,649.8800048828125,653.1799926757812,651.5015869140625,96457500
2026-03-25 13:30:00,658.6699829101562,660.8900146484375,654.239990234375,656.8200073242188,655.1322021484375,90653800
2026-03-26 13:30:00,652.0599975585938,654.8499755859375,644.8200073242188,645.0900268554688,643.432373046875,96494400
2026-03-27 13:30:00,642.5,642.6599731445312,633.1099853515625,634.0900268554688,632.4606323242188,103649400
2026-03-30 13:30:00,640.1099853515625,640.3699951171875,629.280029296875,631.969970703125,630.3460693359375,99275900
2026-03-31 13:30:00,638.9400024414062,651.5399780273438,637.97998046875,650.3400268554688,648.6688842773438,152534100
2026-04-01 13:30:00,653.9000244140625,658.52001953125,653.0,655.239990234375,653.5562744140625,97841500
2026-04-02 13:30:00,646.4199829101562,658.2000122070312,645.1099853515625,655.8300170898438,654.144775390625,68358700
2026-04-06 13:30:00,655.8599853515625,659.719970703125,655.52001953125,658.9299926757812,657.23681640625,39105800
2026-04-07 13:30:00,656.6500244140625,659.6099853515625,651.0599975585938,659.219970703125,657.5260009765625,69980400
2026-04-08 13:30:00,676.3900146484375,677.0800170898438,671.4600219726562,676.010009765625,674.27294921875,93606100
2026-04-09 13:30:00,674.8400268554688,681.1599731445312,673.77001953125,679.9099731445312,678.162841796875,57134400
2026-04-10 13:30:00,681.3200073242188,682.030029296875,678.4500122070312,679.4600219726562,677.7140502929688,42253500
2026-04-13 13:30:00,677.4099731445312,686.2999877929688,676.5800170898438,686.0999755859375,684.3369750976562,54185800
2026-04-14 13:30:00,687.6900024414062,694.5800170898438,687.6599731445312,694.4600219726562,692.675537109375,63480500
2026-04-15 13:30:00,695.260009765625,700.280029296875,694.2000122070312,699.9400024414062,698.1414184570312,58240400
2026-04-16 13:30:00,701.0599975585938,702.780029296875,698.530029296875,701.6599731445312,699.8569946289062,49972400
2026-04-17 13:30:00,706.1400146484375,712.3900146484375,705.760009765625,710.1400146484375,708.3152465820312,70661900
2026-04-20 13:30:00,708.780029296875,709.9099731445312,706.1400146484375,708.719970703125,706.8988037109375,43546800
2026-04-21 13:30:00,710.280029296875,711.280029296875,702.6400146484375,704.0800170898438,702.2708129882812,58941400
2026-04-22 13:30:00,709.1500244140625,711.4500122070312,708.219970703125,711.2100219726562,709.3825073242188,42518500
2026-04-23 13:30:00,709.5,712.3599853515625,702.280029296875,708.4500122070312,706.6295776367188,56174000
2026-04-24 13:30:00,710.75,714.469970703125,709.010009765625,713.9400024414062,712.10546875,45182000
2026-04-27 13:30:00,713.1699829101562,715.6300048828125,712.2999877929688,715.1699829101562,713.332275390625,33135900
2026-04-28 13:30:00,711.8200073242188,712.8800048828125,709.25,711.6900024414062,709.8612060546875,43117400
2026-04-29 13:30:00,711.0,712.2000122070312,708.3699951171875,711.5800170898438,709.7515258789062,41859200
2026-04-30 13:30:00,714.6300048828125,719.7899780273438,710.4500122070312,718.6599731445312,716.8132934570312,67240900
2026-05-01 13:30:00,721.25,724.8699951171875,720.469970703125,720.6500244140625,718.7982177734375,43049800
2026-05-04 13:30:00,720.0700073242188,722.1199951171875,714.989990234375,718.010009765625,716.1649780273438,51950600
2026-05-05 13:30:00,721.77001953125,725.0399780273438,721.489990234375,723.77001953125,721.9102172851562,36933200
2026-05-06 13:30:00,728.1599731445312,734.5900268554688,727.8200073242188,733.8300170898438,731.9443359375,53288900
2026-05-07 13:30:00,735.0499877929688,736.1300048828125,729.75,731.5800170898438,729.7001342773438,51724600
2026-05-08 13:30:00,734.9299926757812,738.0800170898438,734.5700073242188,737.6199951171875,735.724609375,47227100
2026-05-11 13:30:00,736.4500122070312,740.7899780273438,736.4500122070312,739.2999877929688,737.4002685546875,44024000
2026-05-12 13:30:00,736.8900146484375,738.8400268554688,731.8300170898438,738.1799926757812,736.2831420898438,54185300
2026-05-13 13:30:00,738.469970703125,743.9099731445312,735.469970703125,742.3099975585938,740.4025268554688,44200200
2026-05-14 13:30:00,743.6500244140625,749.530029296875,743.5599975585938,748.1699829101562,746.2474975585938,45307600
2026-05-15 13:30:00,741.7899780273438,743.4600219726562,737.9600219726562,739.1699829101562,737.2706298828125,60410800
2026-05-18 13:30:00,739.8300170898438,741.4199829101562,733.3900146484375,738.6500244140625,736.751953125,47843900
2026-05-19 13:30:00,734.780029296875,737.6500244140625,731.530029296875,733.72998046875,731.8446044921875,54255900
2026-05-20 13:30:00,735.7100219726562,741.8699951171875,733.8900146484375,741.25,739.3452758789062,45768000
2026-05-21 13:30:00,738.6400146484375,744.8699951171875,737.030029296875,742.719970703125,740.8114624023438,43332200
2026-05-22 13:30:00,746.239990234375,748.9400024414062,744.47998046875,745.6400146484375,743.7239990234375,41762000
2026-05-26 13:30:00,750.010009765625,752.1300048828125,748.3699951171875,750.5900268554688,748.6613159179688,41123600
2026-05-27 13:30:00,750.8800048828125,751.3800048828125,748.219970703125,750.4600219726562,748.5316162109375,42106300
2026-05-28 13:30:00,750.25,755.1500244140625,749.22998046875,754.5999755859375,752.6609497070312,41562600
2026-05-29 13:30:00,755.9000244140625,758.0800170898438,754.6900024414062,756.47998046875,754.5361328125,55075700
2026-06-01 13:30:00,755.3599853515625,760.280029296875,754.6900024414062,758.5399780273438,756.5908203125,43634900
2026-06-02 13:30:00,757.030029296875,760.4000244140625,756.75,759.5700073242188,757.6182250976562,31581900
2026-06-03 13:30:00,758.1500244140625,758.7999877929688,753.5700073242188,754.239990234375,752.3018798828125,51402500
2026-06-04 13:30:00,752.0999755859375,758.3099975585938,751.469970703125,757.0900268554688,755.1445922851562,49923000
2026-06-05 13:30:00,752.3099975585938,752.8200073242188,735.530029296875,737.5499877929688,735.65478515625,93989400
2026-06-08 13:30:00,743.3599853515625,745.3400268554688,738.1900024414062,739.219970703125,737.3204345703125,49319100
2026-06-09 13:30:00,743.6300048828125,746.9000244140625,722.5900268554688,737.0499877929688,735.1560668945312,87683500
2026-06-10 13:30:00,733.3900146484375,738.3800048828125,725.3300170898438,725.4299926757812,723.56591796875,60341300
2026-06-11 13:30:00,728.760009765625,740.0,724.4099731445312,737.760009765625,735.8642578125,86330500
2026-06-12 13:30:00,740.7100219726562,744.4400024414062,735.030029296875,741.75,739.843994140625,57079500
2026-06-15 13:30:00,751.8499755859375,756.6799926757812,751.760009765625,754.8300170898438,752.890380859375,60176400
2026-06-16 13:30:00,754.5499877929688,755.4400024414062,749.8800048828125,750.3300170898438,748.4019775390625,67093100
2026-06-17 13:30:00,751.2899780273438,752.1500244140625,739.219970703125,740.9600219726562,739.0560302734375,85945200
2026-06-18 13:30:00,747.760009765625,748.22998046875,743.8599853515625,746.739990234375,746.739990234375,80875700
2026-06-22 13:30:00,747.7000122070312,750.1799926757812,743.1300048828125,744.3900146484375,744.3900146484375,46628100
2026-06-23 13:30:00,733.8099975585938,739.6300048828125,732.2999877929688,733.5800170898438,733.5800170898438,66846800
2026-06-24 13:30:00,735.1699829101562,739.9500122070312,730.8400268554688,733.239990234375,733.239990234375,57439500
2026-06-25 13:30:00,738.9099731445312,739.3699951171875,729.5999755859375,734.2999877929688,734.2999877929688,53934400
2026-06-26 13:30:00,728.9500122070312,736.530029296875,716.5800170898438,728.989990234375,728.989990234375,71034000
2026-06-29 13:30:00,736.530029296875,741.5599975585938,732.0900268554688,741.0,741.0,58035200
2026-06-30 13:30:00,741.2899780273438,748.02001953125,740.8900146484375,746.77001953125,746.77001953125,55626000
2026-07-01 13:30:00,745.0,749.4400024414062,742.3800048828125,745.760009765625,745.760009765625,47100900
2026-07-02 13:30:00,747.4000244140625,751.3099975585938,740.030029296875,744.780029296875,744.780029296875,57447800
2026-07-06 13:30:00,748.739990234375,752.4099731445312,747.4099731445312,751.280029296875,751.280029296875,50673300
2026-07-07 13:30:00,750.219970703125,750.9600219726562,745.2100219726562,747.7100219726562,747.7100219726562,43721500
2026-07-08 13:30:00,743.1599731445312,746.1500244140625,739.510009765625,745.4000244140625,745.4000244140625,43767400
2026-07-09 13:30:00,747.3499755859375,751.969970703125,745.5900268554688,751.7100219726562,751.7100219726562,41441700
2026-07-10 13:30:00,752.0499877929688,755.4199829101562,748.0999755859375,754.9500122070312,754.9500122070312,42191300
2026-07-13 13:30:00,752.469970703125,753.9099731445312,748.0,749.1699829101562,749.1699829101562,44013600
2026-07-14 13:30:00,750.9099731445312,753.3400268554688,748.6599731445312,751.8300170898438,751.8300170898438,35143100
2026-07-15 13:30:00,754.239990234375,755.5800170898438,750.2000122070312,754.8099975585938,754.8099975585938,43844800
2026-07-16 13:30:00,752.760009765625,754.5700073242188,747.8800048828125,750.719970703125,750.719970703125,46409800
2026-07-17 13:30:00,742.0800170898438,747.2899780273438,740.7999877929688,743.2899780273438,743.2899780273438,62651000
2026-07-20 13:30:00,747.0599975585938,748.72998046875,741.510009765625,742.0900268554688,742.0900268554688,50422300
2026-07-21 13:30:00,746.2899780273438,749.0399780273438,744.1799926757812,748.280029296875,748.280029296875,34324300
2026-07-22 13:30:00,746.6199951171875,750.02001953125,746.3699951171875,747.4099731445312,747.4099731445312,32836200
2026-07-23 13:30:00,739.3699951171875,742.5599975585938,735.2100219726562,738.1799926757812,738.1799926757812,55437300
2026-07-24 13:30:00,738.510009765625,743.719970703125,737.2899780273438,738.9299926757812,738.9299926757812,44782000
2026-07-27 13:30:00,744.9099731445312,745.530029296875,735.8699951171875,739.0900268554688,739.0900268554688,41461200
2026-07-28 13:30:00,739.1900024414062,742.7899780273438,735.97998046875,740.8599853515625,740.8599853515625,47322200
2026-07-29 13:30:00,739.969970703125,742.6799926757812,729.0999755859375,729.4600219726562,729.4600219726562,70697200
2026-07-30 13:30:00,736.0499877929688,742.4500122070312,734.5900268554688,741.6900024414062,741.6900024414062,66811300
2026-07-31 13:30:00,744.6799926757812,748.9000244140625,737.6799926757812,747.030029296875,747.030029296875,62445900
2026-08-03 13:30:00,749.4400024414062,758.5800170898438,748.7999877929688,757.6699829101562,757.6699829101562,59927500
2026-08-04 13:30:00,760.6300048828125,773.4099731445312,760.52001953125,771.3300170898438,771.3300170898438,69154800
2026-08-05 13:30:00,775.8499755859375,776.8499755859375,769.510009765625,769.7899780273438,769.7899780273438,44689100
2026-08-06 13:30:00,770.2100219726562,771.8200073242188,767.4600219726562,768.5599975585938,768.5599975585938,38416900
2026-08-07 13:30:00,771.02001953125,773.9199829101562,769.6099853515625,773.260009765625,773.260009765625,43586300
2026-08-10 13:30:00,772.5999755859375,775.0499877929688,771.6199951171875,773.030029296875,773.030029296875,39249500
2026-08-11 13:30:00,774.530029296875,774.6099853515625,769.2000122070312,770.5599975585938,770.5599975585938,36740600
2026-08-12 13:30:00,774.7100219726562,774.9000244140625,771.280029296875,772.489990234375,772.489990234375,33179100
2026-08-13 13:30:00,774.8699951171875,779.3699951171875,774.1099853515625,777.8800048828125,777.8800048828125,35634500
2026-08-14 13:30:00,778.5399780273438,778.7999877929688,775.4299926757812,776.3400268554688,776.3400268554688,31367900
2026-08-17 13:30:00,776.1799926757812,776.780029296875,772.510009765625,772.6699829101562,772.6699829101562,34356600
2026-08-18 13:30:00,768.7000122070312,769.5,766.9199829101562,767.4500122070312,767.4500122070312,43920900
2026-08-19 13:30:00,770.3599853515625,772.469970703125,768.0999755859375,769.0599975585938,769.0599975585938,40306000
2026-08-20 13:30:00,765.9600219726562,768.1500244140625,762.0399780273438,762.5999755859375,762.5999755859375,45520300
2026-08-21 13:30:00,766.0499877929688,767.8499755859375,764.1699829101562,765.719970703125,765.719970703125,39188700
2026-08-24 13:30:00,764.780029296875,765.219970703125,762.0800170898438,763.469970703125,763.469970703125,32430900
2026-08-25 13:30:00,766.1599731445312,766.780029296875,763.0499877929688,765.9099731445312,765.9099731445312,27422300
2026-08-26 13:30:00,764.72998046875,767.3499755859375,763.9299926757812,766.0800170898438,766.0800170898438,28459700
